V1,V2,V3,V4
Q9BQB6,M1A,0.2798,benign
Q9BQB6,M1C,0.3438,ambiguous
Q9BQB6,M1D,0.7597,pathogenic
Q9BQB6,M1E,0.4962,ambiguous
Q9BQB6,M1F,0.1821,benign
Q9BQB6,M1G,0.4052,ambiguous
Q9BQB6,M1H,0.5073,ambiguous
Q9BQB6,M1I,0.3673,ambiguous
Q9BQB6,M1K,0.3255,benign
Q9BQB6,M1L,0.1492,benign
Q9BQB6,M1N,0.5722,pathogenic
Q9BQB6,M1P,0.4186,ambiguous
Q9BQB6,M1Q,0.2554,benign
Q9BQB6,M1R,0.2196,benign
Q9BQB6,M1S,0.3459,ambiguous
Q9BQB6,M1T,0.2573,benign
Q9BQB6,M1V,0.0838,benign
Q9BQB6,M1W,0.3118,benign
Q9BQB6,M1Y,0.4792,ambiguous
Q9BQB6,G2A,0.0944,benign
Q9BQB6,G2C,0.2006,benign
Q9BQB6,G2D,0.0994,benign
Q9BQB6,G2E,0.1227,benign
Q9BQB6,G2F,0.2871,benign
Q9BQB6,G2H,0.2304,benign
Q9BQB6,G2I,0.2128,benign
Q9BQB6,G2K,0.2873,benign
Q9BQB6,G2L,0.2807,benign
Q9BQB6,G2M,0.3926,ambiguous
Q9BQB6,G2N,0.1766,benign
Q9BQB6,G2P,0.2645,benign
Q9BQB6,G2Q,0.2176,benign
Q9BQB6,G2R,0.1863,benign
Q9BQB6,G2S,0.0876,benign
Q9BQB6,G2T,0.1235,benign
Q9BQB6,G2V,0.1472,benign
Q9BQB6,G2W,0.2086,benign
Q9BQB6,G2Y,0.2366,benign
Q9BQB6,S3A,0.0589,benign
Q9BQB6,S3C,0.1016,benign
Q9BQB6,S3D,0.1304,benign
Q9BQB6,S3E,0.1628,benign
Q9BQB6,S3F,0.108,benign
Q9BQB6,S3G,0.066,benign
Q9BQB6,S3H,0.1594,benign
Q9BQB6,S3I,0.1308,benign
Q9BQB6,S3K,0.2343,benign
Q9BQB6,S3L,0.1089,benign
Q9BQB6,S3M,0.1716,benign
Q9BQB6,S3N,0.1027,benign
Q9BQB6,S3P,0.0734,benign
Q9BQB6,S3Q,0.1912,benign
Q9BQB6,S3R,0.1688,benign
Q9BQB6,S3T,0.0683,benign
Q9BQB6,S3V,0.112,benign
Q9BQB6,S3W,0.1271,benign
Q9BQB6,S3Y,0.1132,benign
Q9BQB6,T4A,0.0641,benign
Q9BQB6,T4C,0.2323,benign
Q9BQB6,T4D,0.1567,benign
Q9BQB6,T4E,0.1647,benign
Q9BQB6,T4F,0.1247,benign
Q9BQB6,T4G,0.0929,benign
Q9BQB6,T4H,0.1319,benign
Q9BQB6,T4I,0.124,benign
Q9BQB6,T4K,0.1462,benign
Q9BQB6,T4L,0.108,benign
Q9BQB6,T4M,0.1427,benign
Q9BQB6,T4N,0.1091,benign
Q9BQB6,T4P,0.067,benign
Q9BQB6,T4Q,0.1422,benign
Q9BQB6,T4R,0.089,benign
Q9BQB6,T4S,0.0739,benign
Q9BQB6,T4V,0.1113,benign
Q9BQB6,T4W,0.2151,benign
Q9BQB6,T4Y,0.1624,benign
Q9BQB6,W5A,0.1694,benign
Q9BQB6,W5C,0.5115,ambiguous
Q9BQB6,W5D,0.5606,ambiguous
Q9BQB6,W5E,0.4864,ambiguous
Q9BQB6,W5F,0.1818,benign
Q9BQB6,W5G,0.1059,benign
Q9BQB6,W5H,0.5854,pathogenic
Q9BQB6,W5I,0.3908,ambiguous
Q9BQB6,W5K,0.5952,pathogenic
Q9BQB6,W5L,0.228,benign
Q9BQB6,W5M,0.4612,ambiguous
Q9BQB6,W5N,0.626,pathogenic
Q9BQB6,W5P,0.4149,ambiguous
Q9BQB6,W5Q,0.4985,ambiguous
Q9BQB6,W5R,0.4236,ambiguous
Q9BQB6,W5S,0.1866,benign
Q9BQB6,W5T,0.2067,benign
Q9BQB6,W5V,0.257,benign
Q9BQB6,W5Y,0.3967,ambiguous
Q9BQB6,G6A,0.097,benign
Q9BQB6,G6C,0.2046,benign
Q9BQB6,G6D,0.1293,benign
Q9BQB6,G6E,0.0983,benign
Q9BQB6,G6F,0.3172,benign
Q9BQB6,G6H,0.1967,benign
Q9BQB6,G6I,0.1832,benign
Q9BQB6,G6K,0.1741,benign
Q9BQB6,G6L,0.2306,benign
Q9BQB6,G6M,0.3294,benign
Q9BQB6,G6N,0.2185,benign
Q9BQB6,G6P,0.4228,ambiguous
Q9BQB6,G6Q,0.1335,benign
Q9BQB6,G6R,0.0999,benign
Q9BQB6,G6S,0.115,benign
Q9BQB6,G6T,0.1292,benign
Q9BQB6,G6V,0.1148,benign
Q9BQB6,G6W,0.2005,benign
Q9BQB6,G6Y,0.2556,benign
Q9BQB6,S7A,0.1392,benign
Q9BQB6,S7C,0.1232,benign
Q9BQB6,S7D,0.1531,benign
Q9BQB6,S7E,0.2807,benign
Q9BQB6,S7F,0.2181,benign
Q9BQB6,S7G,0.0921,benign
Q9BQB6,S7H,0.1294,benign
Q9BQB6,S7I,0.1446,benign
Q9BQB6,S7K,0.3001,benign
Q9BQB6,S7L,0.2026,benign
Q9BQB6,S7M,0.2589,benign
Q9BQB6,S7N,0.0722,benign
Q9BQB6,S7P,0.1608,benign
Q9BQB6,S7Q,0.2636,benign
Q9BQB6,S7R,0.266,benign
Q9BQB6,S7T,0.1045,benign
Q9BQB6,S7V,0.1813,benign
Q9BQB6,S7W,0.2208,benign
Q9BQB6,S7Y,0.1439,benign
Q9BQB6,P8A,0.1561,benign
Q9BQB6,P8C,0.6724,pathogenic
Q9BQB6,P8D,0.7021,pathogenic
Q9BQB6,P8E,0.4795,ambiguous
Q9BQB6,P8F,0.6273,pathogenic
Q9BQB6,P8G,0.3825,ambiguous
Q9BQB6,P8H,0.4626,ambiguous
Q9BQB6,P8I,0.488,ambiguous
Q9BQB6,P8K,0.5911,pathogenic
Q9BQB6,P8L,0.2854,benign
Q9BQB6,P8M,0.5963,pathogenic
Q9BQB6,P8N,0.6853,pathogenic
Q9BQB6,P8Q,0.39,ambiguous
Q9BQB6,P8R,0.3081,benign
Q9BQB6,P8S,0.2659,benign
Q9BQB6,P8T,0.2027,benign
Q9BQB6,P8V,0.3201,benign
Q9BQB6,P8W,0.6524,pathogenic
Q9BQB6,P8Y,0.6602,pathogenic
Q9BQB6,G9A,0.2013,benign
Q9BQB6,G9C,0.4028,ambiguous
Q9BQB6,G9D,0.3199,benign
Q9BQB6,G9E,0.347,ambiguous
Q9BQB6,G9F,0.606,pathogenic
Q9BQB6,G9H,0.5216,ambiguous
Q9BQB6,G9I,0.4923,ambiguous
Q9BQB6,G9K,0.6392,pathogenic
Q9BQB6,G9L,0.5252,ambiguous
Q9BQB6,G9M,0.7069,pathogenic
Q9BQB6,G9N,0.4944,ambiguous
Q9BQB6,G9P,0.6404,pathogenic
Q9BQB6,G9Q,0.478,ambiguous
Q9BQB6,G9R,0.4012,ambiguous
Q9BQB6,G9S,0.1721,benign
Q9BQB6,G9T,0.3067,benign
Q9BQB6,G9V,0.3213,benign
Q9BQB6,G9W,0.4335,ambiguous
Q9BQB6,G9Y,0.553,ambiguous
Q9BQB6,W10A,0.0983,benign
Q9BQB6,W10C,0.295,benign
Q9BQB6,W10D,0.3754,ambiguous
Q9BQB6,W10E,0.2758,benign
Q9BQB6,W10F,0.1432,benign
Q9BQB6,W10G,0.066,benign
Q9BQB6,W10H,0.2696,benign
Q9BQB6,W10I,0.2041,benign
Q9BQB6,W10K,0.2031,benign
Q9BQB6,W10L,0.1338,benign
Q9BQB6,W10M,0.2421,benign
Q9BQB6,W10N,0.3325,benign
Q9BQB6,W10P,0.1926,benign
Q9BQB6,W10Q,0.218,benign
Q9BQB6,W10R,0.1225,benign
Q9BQB6,W10S,0.1102,benign
Q9BQB6,W10T,0.1103,benign
Q9BQB6,W10V,0.1362,benign
Q9BQB6,W10Y,0.2356,benign
Q9BQB6,V11A,0.0786,benign
Q9BQB6,V11C,0.4579,ambiguous
Q9BQB6,V11D,0.2726,benign
Q9BQB6,V11E,0.1692,benign
Q9BQB6,V11F,0.0885,benign
Q9BQB6,V11G,0.0702,benign
Q9BQB6,V11H,0.3644,ambiguous
Q9BQB6,V11I,0.0992,benign
Q9BQB6,V11K,0.2136,benign
Q9BQB6,V11L,0.1037,benign
Q9BQB6,V11M,0.1375,benign
Q9BQB6,V11N,0.2569,benign
Q9BQB6,V11P,0.1426,benign
Q9BQB6,V11Q,0.187,benign
Q9BQB6,V11R,0.1688,benign
Q9BQB6,V11S,0.1302,benign
Q9BQB6,V11T,0.1439,benign
Q9BQB6,V11W,0.327,benign
Q9BQB6,V11Y,0.3156,benign
Q9BQB6,R12A,0.6335,pathogenic
Q9BQB6,R12C,0.3434,ambiguous
Q9BQB6,R12D,0.8233,pathogenic
Q9BQB6,R12E,0.5208,ambiguous
Q9BQB6,R12F,0.689,pathogenic
Q9BQB6,R12G,0.416,ambiguous
Q9BQB6,R12H,0.2917,benign
Q9BQB6,R12I,0.529,ambiguous
Q9BQB6,R12K,0.3929,ambiguous
Q9BQB6,R12L,0.3424,ambiguous
Q9BQB6,R12M,0.6816,pathogenic
Q9BQB6,R12N,0.7526,pathogenic
Q9BQB6,R12P,0.5018,ambiguous
Q9BQB6,R12Q,0.1931,benign
Q9BQB6,R12S,0.6319,pathogenic
Q9BQB6,R12T,0.5226,ambiguous
Q9BQB6,R12V,0.5318,ambiguous
Q9BQB6,R12W,0.3191,benign
Q9BQB6,R12Y,0.5826,pathogenic
Q9BQB6,L13A,0.1525,benign
Q9BQB6,L13C,0.3979,ambiguous
Q9BQB6,L13D,0.786,pathogenic
Q9BQB6,L13E,0.4587,ambiguous
Q9BQB6,L13F,0.078,benign
Q9BQB6,L13G,0.2527,benign
Q9BQB6,L13H,0.3652,ambiguous
Q9BQB6,L13I,0.1277,benign
Q9BQB6,L13K,0.3704,ambiguous
Q9BQB6,L13M,0.1252,benign
Q9BQB6,L13N,0.5512,ambiguous
Q9BQB6,L13P,0.3075,benign
Q9BQB6,L13Q,0.2252,benign
Q9BQB6,L13R,0.2243,benign
Q9BQB6,L13S,0.2647,benign
Q9BQB6,L13T,0.1778,benign
Q9BQB6,L13V,0.0915,benign
Q9BQB6,L13W,0.1404,benign
Q9BQB6,L13Y,0.2841,benign
Q9BQB6,A14C,0.2614,benign
Q9BQB6,A14D,0.6807,pathogenic
Q9BQB6,A14E,0.625,pathogenic
Q9BQB6,A14F,0.133,benign
Q9BQB6,A14G,0.0789,benign
Q9BQB6,A14H,0.6166,pathogenic
Q9BQB6,A14I,0.1537,benign
Q9BQB6,A14K,0.7564,pathogenic
Q9BQB6,A14L,0.0981,benign
Q9BQB6,A14M,0.1617,benign
Q9BQB6,A14N,0.4992,ambiguous
Q9BQB6,A14P,0.3164,benign
Q9BQB6,A14Q,0.5496,ambiguous
Q9BQB6,A14R,0.6351,pathogenic
Q9BQB6,A14S,0.1122,benign
Q9BQB6,A14T,0.097,benign
Q9BQB6,A14V,0.0857,benign
Q9BQB6,A14W,0.4015,ambiguous
Q9BQB6,A14Y,0.3999,ambiguous
Q9BQB6,L15A,0.3148,benign
Q9BQB6,L15C,0.5731,pathogenic
Q9BQB6,L15D,0.9715,pathogenic
Q9BQB6,L15E,0.915,pathogenic
Q9BQB6,L15F,0.2202,benign
Q9BQB6,L15G,0.6269,pathogenic
Q9BQB6,L15H,0.8437,pathogenic
Q9BQB6,L15I,0.1901,benign
Q9BQB6,L15K,0.9371,pathogenic
Q9BQB6,L15M,0.2538,benign
Q9BQB6,L15N,0.8672,pathogenic
Q9BQB6,L15P,0.6961,pathogenic
Q9BQB6,L15Q,0.7285,pathogenic
Q9BQB6,L15R,0.8243,pathogenic
Q9BQB6,L15S,0.5398,ambiguous
Q9BQB6,L15T,0.4322,ambiguous
Q9BQB6,L15V,0.1178,benign
Q9BQB6,L15W,0.5533,ambiguous
Q9BQB6,L15Y,0.7789,pathogenic
Q9BQB6,C16A,0.585,pathogenic
Q9BQB6,C16D,0.9667,pathogenic
Q9BQB6,C16E,0.9866,pathogenic
Q9BQB6,C16F,0.747,pathogenic
Q9BQB6,C16G,0.3841,ambiguous
Q9BQB6,C16H,0.9555,pathogenic
Q9BQB6,C16I,0.8835,pathogenic
Q9BQB6,C16K,0.9951,pathogenic
Q9BQB6,C16L,0.7725,pathogenic
Q9BQB6,C16M,0.9399,pathogenic
Q9BQB6,C16N,0.9102,pathogenic
Q9BQB6,C16P,0.9091,pathogenic
Q9BQB6,C16Q,0.9649,pathogenic
Q9BQB6,C16R,0.9577,pathogenic
Q9BQB6,C16S,0.455,ambiguous
Q9BQB6,C16T,0.8084,pathogenic
Q9BQB6,C16V,0.7607,pathogenic
Q9BQB6,C16W,0.9211,pathogenic
Q9BQB6,C16Y,0.8878,pathogenic
Q9BQB6,L17A,0.1697,benign
Q9BQB6,L17C,0.3204,benign
Q9BQB6,L17D,0.934,pathogenic
Q9BQB6,L17E,0.8051,pathogenic
Q9BQB6,L17F,0.0866,benign
Q9BQB6,L17G,0.2831,benign
Q9BQB6,L17H,0.6861,pathogenic
Q9BQB6,L17I,0.0967,benign
Q9BQB6,L17K,0.8501,pathogenic
Q9BQB6,L17M,0.117,benign
Q9BQB6,L17N,0.745,pathogenic
Q9BQB6,L17P,0.683,pathogenic
Q9BQB6,L17Q,0.5805,pathogenic
Q9BQB6,L17R,0.7034,pathogenic
Q9BQB6,L17S,0.2858,benign
Q9BQB6,L17T,0.2205,benign
Q9BQB6,L17V,0.0721,benign
Q9BQB6,L17W,0.3186,benign
Q9BQB6,L17Y,0.5482,ambiguous
Q9BQB6,T18A,0.0477,benign
Q9BQB6,T18C,0.1896,benign
Q9BQB6,T18D,0.6876,pathogenic
Q9BQB6,T18E,0.7061,pathogenic
Q9BQB6,T18F,0.1657,benign
Q9BQB6,T18G,0.0903,benign
Q9BQB6,T18H,0.6281,pathogenic
Q9BQB6,T18I,0.1369,benign
Q9BQB6,T18K,0.7696,pathogenic
Q9BQB6,T18L,0.0931,benign
Q9BQB6,T18M,0.1092,benign
Q9BQB6,T18N,0.4037,ambiguous
Q9BQB6,T18P,0.2407,benign
Q9BQB6,T18Q,0.5948,pathogenic
Q9BQB6,T18R,0.6699,pathogenic
Q9BQB6,T18S,0.0951,benign
Q9BQB6,T18V,0.0852,benign
Q9BQB6,T18W,0.4797,ambiguous
Q9BQB6,T18Y,0.4501,ambiguous
Q9BQB6,G19A,0.6328,pathogenic
Q9BQB6,G19C,0.8833,pathogenic
Q9BQB6,G19D,0.9382,pathogenic
Q9BQB6,G19E,0.9466,pathogenic
Q9BQB6,G19F,0.9725,pathogenic
Q9BQB6,G19H,0.9857,pathogenic
Q9BQB6,G19I,0.9502,pathogenic
Q9BQB6,G19K,0.9875,pathogenic
Q9BQB6,G19L,0.9558,pathogenic
Q9BQB6,G19M,0.9826,pathogenic
Q9BQB6,G19N,0.9782,pathogenic
Q9BQB6,G19P,0.969,pathogenic
Q9BQB6,G19Q,0.9736,pathogenic
Q9BQB6,G19R,0.9507,pathogenic
Q9BQB6,G19S,0.7451,pathogenic
Q9BQB6,G19T,0.9235,pathogenic
Q9BQB6,G19V,0.8616,pathogenic
Q9BQB6,G19W,0.9492,pathogenic
Q9BQB6,G19Y,0.9678,pathogenic
Q9BQB6,L20A,0.252,benign
Q9BQB6,L20C,0.4911,ambiguous
Q9BQB6,L20D,0.9719,pathogenic
Q9BQB6,L20E,0.8909,pathogenic
Q9BQB6,L20F,0.0938,benign
Q9BQB6,L20G,0.4888,ambiguous
Q9BQB6,L20H,0.8151,pathogenic
Q9BQB6,L20I,0.1054,benign
Q9BQB6,L20K,0.9287,pathogenic
Q9BQB6,L20M,0.1291,benign
Q9BQB6,L20N,0.8582,pathogenic
Q9BQB6,L20P,0.8134,pathogenic
Q9BQB6,L20Q,0.7057,pathogenic
Q9BQB6,L20R,0.8421,pathogenic
Q9BQB6,L20S,0.5061,ambiguous
Q9BQB6,L20T,0.3067,benign
Q9BQB6,L20V,0.0905,benign
Q9BQB6,L20W,0.3517,ambiguous
Q9BQB6,L20Y,0.628,pathogenic
Q9BQB6,V21A,0.079,benign
Q9BQB6,V21C,0.3575,ambiguous
Q9BQB6,V21D,0.7772,pathogenic
Q9BQB6,V21E,0.7508,pathogenic
Q9BQB6,V21F,0.0988,benign
Q9BQB6,V21G,0.0734,benign
Q9BQB6,V21H,0.8104,pathogenic
Q9BQB6,V21I,0.1043,benign
Q9BQB6,V21K,0.8429,pathogenic
Q9BQB6,V21L,0.0933,benign
Q9BQB6,V21M,0.1577,benign
Q9BQB6,V21N,0.6101,pathogenic
Q9BQB6,V21P,0.6026,pathogenic
Q9BQB6,V21Q,0.6657,pathogenic
Q9BQB6,V21R,0.7369,pathogenic
Q9BQB6,V21S,0.1735,benign
Q9BQB6,V21T,0.1671,benign
Q9BQB6,V21W,0.6478,pathogenic
Q9BQB6,V21Y,0.5765,pathogenic
Q9BQB6,L22A,0.6065,pathogenic
Q9BQB6,L22C,0.7603,pathogenic
Q9BQB6,L22D,0.9879,pathogenic
Q9BQB6,L22E,0.9625,pathogenic
Q9BQB6,L22F,0.4297,ambiguous
Q9BQB6,L22G,0.8516,pathogenic
Q9BQB6,L22H,0.9439,pathogenic
Q9BQB6,L22I,0.1762,benign
Q9BQB6,L22K,0.969,pathogenic
Q9BQB6,L22M,0.3994,ambiguous
Q9BQB6,L22N,0.9551,pathogenic
Q9BQB6,L22P,0.7943,pathogenic
Q9BQB6,L22Q,0.8803,pathogenic
Q9BQB6,L22R,0.9056,pathogenic
Q9BQB6,L22S,0.8179,pathogenic
Q9BQB6,L22T,0.6808,pathogenic
Q9BQB6,L22V,0.1349,benign
Q9BQB6,L22W,0.7782,pathogenic
Q9BQB6,L22Y,0.9185,pathogenic
Q9BQB6,S23A,0.3311,benign
Q9BQB6,S23C,0.365,ambiguous
Q9BQB6,S23D,0.9712,pathogenic
Q9BQB6,S23E,0.9622,pathogenic
Q9BQB6,S23F,0.8773,pathogenic
Q9BQB6,S23G,0.5511,ambiguous
Q9BQB6,S23H,0.9336,pathogenic
Q9BQB6,S23I,0.924,pathogenic
Q9BQB6,S23K,0.9954,pathogenic
Q9BQB6,S23L,0.8329,pathogenic
Q9BQB6,S23M,0.9033,pathogenic
Q9BQB6,S23N,0.9321,pathogenic
Q9BQB6,S23P,0.8559,pathogenic
Q9BQB6,S23Q,0.9468,pathogenic
Q9BQB6,S23R,0.9882,pathogenic
Q9BQB6,S23T,0.6138,pathogenic
Q9BQB6,S23V,0.8754,pathogenic
Q9BQB6,S23W,0.8624,pathogenic
Q9BQB6,S23Y,0.8823,pathogenic
Q9BQB6,L24A,0.193,benign
Q9BQB6,L24C,0.3387,benign
Q9BQB6,L24D,0.9371,pathogenic
Q9BQB6,L24E,0.8106,pathogenic
Q9BQB6,L24F,0.0897,benign
Q9BQB6,L24G,0.3195,benign
Q9BQB6,L24H,0.6634,pathogenic
Q9BQB6,L24I,0.1039,benign
Q9BQB6,L24K,0.8491,pathogenic
Q9BQB6,L24M,0.1375,benign
Q9BQB6,L24N,0.7372,pathogenic
Q9BQB6,L24P,0.7511,pathogenic
Q9BQB6,L24Q,0.5753,pathogenic
Q9BQB6,L24R,0.6682,pathogenic
Q9BQB6,L24S,0.3263,benign
Q9BQB6,L24T,0.2768,benign
Q9BQB6,L24V,0.0785,benign
Q9BQB6,L24W,0.277,benign
Q9BQB6,L24Y,0.4449,ambiguous
Q9BQB6,Y25A,0.8776,pathogenic
Q9BQB6,Y25C,0.7397,pathogenic
Q9BQB6,Y25D,0.9031,pathogenic
Q9BQB6,Y25E,0.9662,pathogenic
Q9BQB6,Y25F,0.3059,benign
Q9BQB6,Y25G,0.7609,pathogenic
Q9BQB6,Y25H,0.8617,pathogenic
Q9BQB6,Y25I,0.9006,pathogenic
Q9BQB6,Y25K,0.9783,pathogenic
Q9BQB6,Y25L,0.6382,pathogenic
Q9BQB6,Y25M,0.932,pathogenic
Q9BQB6,Y25N,0.8467,pathogenic
Q9BQB6,Y25P,0.8615,pathogenic
Q9BQB6,Y25Q,0.9578,pathogenic
Q9BQB6,Y25R,0.9404,pathogenic
Q9BQB6,Y25S,0.7156,pathogenic
Q9BQB6,Y25T,0.9038,pathogenic
Q9BQB6,Y25V,0.788,pathogenic
Q9BQB6,Y25W,0.629,pathogenic
Q9BQB6,A26C,0.8536,pathogenic
Q9BQB6,A26D,0.9371,pathogenic
Q9BQB6,A26E,0.9294,pathogenic
Q9BQB6,A26F,0.8716,pathogenic
Q9BQB6,A26G,0.4116,ambiguous
Q9BQB6,A26H,0.922,pathogenic
Q9BQB6,A26I,0.93,pathogenic
Q9BQB6,A26K,0.9785,pathogenic
Q9BQB6,A26L,0.7852,pathogenic
Q9BQB6,A26M,0.8904,pathogenic
Q9BQB6,A26N,0.919,pathogenic
Q9BQB6,A26P,0.8924,pathogenic
Q9BQB6,A26Q,0.8714,pathogenic
Q9BQB6,A26R,0.8992,pathogenic
Q9BQB6,A26S,0.1868,benign
Q9BQB6,A26T,0.534,ambiguous
Q9BQB6,A26V,0.7412,pathogenic
Q9BQB6,A26W,0.9629,pathogenic
Q9BQB6,A26Y,0.9246,pathogenic
Q9BQB6,L27A,0.4712,ambiguous
Q9BQB6,L27C,0.736,pathogenic
Q9BQB6,L27D,0.949,pathogenic
Q9BQB6,L27E,0.7032,pathogenic
Q9BQB6,L27F,0.1929,benign
Q9BQB6,L27G,0.7183,pathogenic
Q9BQB6,L27H,0.6193,pathogenic
Q9BQB6,L27I,0.1728,benign
Q9BQB6,L27K,0.6908,pathogenic
Q9BQB6,L27M,0.172,benign
Q9BQB6,L27N,0.7919,pathogenic
Q9BQB6,L27P,0.8606,pathogenic
Q9BQB6,L27Q,0.3791,ambiguous
Q9BQB6,L27R,0.4613,ambiguous
Q9BQB6,L27S,0.5944,pathogenic
Q9BQB6,L27T,0.5131,ambiguous
Q9BQB6,L27V,0.1248,benign
Q9BQB6,L27W,0.3029,benign
Q9BQB6,L27Y,0.5426,ambiguous
Q9BQB6,H28A,0.6904,pathogenic
Q9BQB6,H28C,0.6534,pathogenic
Q9BQB6,H28D,0.6394,pathogenic
Q9BQB6,H28E,0.6397,pathogenic
Q9BQB6,H28F,0.5751,pathogenic
Q9BQB6,H28G,0.7074,pathogenic
Q9BQB6,H28I,0.7818,pathogenic
Q9BQB6,H28K,0.634,pathogenic
Q9BQB6,H28L,0.4192,ambiguous
Q9BQB6,H28M,0.8686,pathogenic
Q9BQB6,H28N,0.4197,ambiguous
Q9BQB6,H28P,0.6048,pathogenic
Q9BQB6,H28Q,0.4775,ambiguous
Q9BQB6,H28R,0.2718,benign
Q9BQB6,H28S,0.5932,pathogenic
Q9BQB6,H28T,0.7461,pathogenic
Q9BQB6,H28V,0.6727,pathogenic
Q9BQB6,H28W,0.4888,ambiguous
Q9BQB6,H28Y,0.1859,benign
Q9BQB6,V29A,0.8557,pathogenic
Q9BQB6,V29C,0.9699,pathogenic
Q9BQB6,V29D,0.9423,pathogenic
Q9BQB6,V29E,0.856,pathogenic
Q9BQB6,V29F,0.8226,pathogenic
Q9BQB6,V29G,0.7571,pathogenic
Q9BQB6,V29H,0.9755,pathogenic
Q9BQB6,V29I,0.2498,benign
Q9BQB6,V29K,0.9241,pathogenic
Q9BQB6,V29L,0.8324,pathogenic
Q9BQB6,V29M,0.8779,pathogenic
Q9BQB6,V29N,0.9426,pathogenic
Q9BQB6,V29P,0.9536,pathogenic
Q9BQB6,V29Q,0.8656,pathogenic
Q9BQB6,V29R,0.8021,pathogenic
Q9BQB6,V29S,0.9077,pathogenic
Q9BQB6,V29T,0.8613,pathogenic
Q9BQB6,V29W,0.9877,pathogenic
Q9BQB6,V29Y,0.9648,pathogenic
Q9BQB6,K30A,0.7892,pathogenic
Q9BQB6,K30C,0.9546,pathogenic
Q9BQB6,K30D,0.8943,pathogenic
Q9BQB6,K30E,0.4067,ambiguous
Q9BQB6,K30F,0.9785,pathogenic
Q9BQB6,K30G,0.809,pathogenic
Q9BQB6,K30H,0.702,pathogenic
Q9BQB6,K30I,0.9198,pathogenic
Q9BQB6,K30L,0.8368,pathogenic
Q9BQB6,K30M,0.8048,pathogenic
Q9BQB6,K30N,0.9094,pathogenic
Q9BQB6,K30P,0.8874,pathogenic
Q9BQB6,K30Q,0.4815,ambiguous
Q9BQB6,K30R,0.1929,benign
Q9BQB6,K30S,0.8613,pathogenic
Q9BQB6,K30T,0.7053,pathogenic
Q9BQB6,K30V,0.8737,pathogenic
Q9BQB6,K30W,0.9673,pathogenic
Q9BQB6,K30Y,0.9437,pathogenic
Q9BQB6,A31C,0.6586,pathogenic
Q9BQB6,A31D,0.1994,benign
Q9BQB6,A31E,0.1185,benign
Q9BQB6,A31F,0.2471,benign
Q9BQB6,A31G,0.1535,benign
Q9BQB6,A31H,0.315,benign
Q9BQB6,A31I,0.2253,benign
Q9BQB6,A31K,0.2993,benign
Q9BQB6,A31L,0.1805,benign
Q9BQB6,A31M,0.1981,benign
Q9BQB6,A31N,0.2364,benign
Q9BQB6,A31P,0.7485,pathogenic
Q9BQB6,A31Q,0.1919,benign
Q9BQB6,A31R,0.2274,benign
Q9BQB6,A31S,0.1032,benign
Q9BQB6,A31T,0.0868,benign
Q9BQB6,A31V,0.0979,benign
Q9BQB6,A31W,0.4936,ambiguous
Q9BQB6,A31Y,0.336,benign
Q9BQB6,A32C,0.6076,pathogenic
Q9BQB6,A32D,0.4047,ambiguous
Q9BQB6,A32E,0.1163,benign
Q9BQB6,A32F,0.3589,ambiguous
Q9BQB6,A32G,0.2452,benign
Q9BQB6,A32H,0.4011,ambiguous
Q9BQB6,A32I,0.3121,benign
Q9BQB6,A32K,0.3913,ambiguous
Q9BQB6,A32L,0.2454,benign
Q9BQB6,A32M,0.2191,benign
Q9BQB6,A32N,0.3281,benign
Q9BQB6,A32P,0.8789,pathogenic
Q9BQB6,A32Q,0.1597,benign
Q9BQB6,A32R,0.2741,benign
Q9BQB6,A32S,0.1053,benign
Q9BQB6,A32T,0.1152,benign
Q9BQB6,A32V,0.1265,benign
Q9BQB6,A32W,0.6784,pathogenic
Q9BQB6,A32Y,0.5131,ambiguous
Q9BQB6,R33A,0.415,ambiguous
Q9BQB6,R33C,0.4106,ambiguous
Q9BQB6,R33D,0.7913,pathogenic
Q9BQB6,R33E,0.4608,ambiguous
Q9BQB6,R33F,0.628,pathogenic
Q9BQB6,R33G,0.3555,ambiguous
Q9BQB6,R33H,0.1485,benign
Q9BQB6,R33I,0.5036,ambiguous
Q9BQB6,R33K,0.1879,benign
Q9BQB6,R33L,0.2745,benign
Q9BQB6,R33M,0.5802,pathogenic
Q9BQB6,R33N,0.7125,pathogenic
Q9BQB6,R33P,0.746,pathogenic
Q9BQB6,R33Q,0.1606,benign
Q9BQB6,R33S,0.5785,pathogenic
Q9BQB6,R33T,0.4639,ambiguous
Q9BQB6,R33V,0.4523,ambiguous
Q9BQB6,R33W,0.2651,benign
Q9BQB6,R33Y,0.4836,ambiguous
Q9BQB6,A34C,0.5605,ambiguous
Q9BQB6,A34D,0.1606,benign
Q9BQB6,A34E,0.1231,benign
Q9BQB6,A34F,0.2622,benign
Q9BQB6,A34G,0.1274,benign
Q9BQB6,A34H,0.2869,benign
Q9BQB6,A34I,0.2738,benign
Q9BQB6,A34K,0.3147,benign
Q9BQB6,A34L,0.1861,benign
Q9BQB6,A34M,0.2603,benign
Q9BQB6,A34N,0.2129,benign
Q9BQB6,A34P,0.4374,ambiguous
Q9BQB6,A34Q,0.1821,benign
Q9BQB6,A34R,0.2258,benign
Q9BQB6,A34S,0.0844,benign
Q9BQB6,A34T,0.0976,benign
Q9BQB6,A34V,0.1291,benign
Q9BQB6,A34W,0.5291,ambiguous
Q9BQB6,A34Y,0.3646,ambiguous
Q9BQB6,R35A,0.2157,benign
Q9BQB6,R35C,0.3207,benign
Q9BQB6,R35D,0.3732,ambiguous
Q9BQB6,R35E,0.1732,benign
Q9BQB6,R35F,0.4523,ambiguous
Q9BQB6,R35G,0.1278,benign
Q9BQB6,R35H,0.1157,benign
Q9BQB6,R35I,0.3105,benign
Q9BQB6,R35K,0.1174,benign
Q9BQB6,R35L,0.1784,benign
Q9BQB6,R35M,0.3194,benign
Q9BQB6,R35N,0.3659,ambiguous
Q9BQB6,R35P,0.4161,ambiguous
Q9BQB6,R35Q,0.0851,benign
Q9BQB6,R35S,0.2568,benign
Q9BQB6,R35T,0.1828,benign
Q9BQB6,R35V,0.2833,benign
Q9BQB6,R35W,0.1411,benign
Q9BQB6,R35Y,0.3517,ambiguous
Q9BQB6,D36A,0.337,benign
Q9BQB6,D36C,0.785,pathogenic
Q9BQB6,D36E,0.3557,ambiguous
Q9BQB6,D36F,0.7539,pathogenic
Q9BQB6,D36G,0.2705,benign
Q9BQB6,D36H,0.3581,ambiguous
Q9BQB6,D36I,0.6366,pathogenic
Q9BQB6,D36K,0.6427,pathogenic
Q9BQB6,D36L,0.6549,pathogenic
Q9BQB6,D36M,0.8507,pathogenic
Q9BQB6,D36N,0.1291,benign
Q9BQB6,D36P,0.768,pathogenic
Q9BQB6,D36Q,0.4654,ambiguous
Q9BQB6,D36R,0.5327,ambiguous
Q9BQB6,D36S,0.1717,benign
Q9BQB6,D36T,0.4597,ambiguous
Q9BQB6,D36V,0.3983,ambiguous
Q9BQB6,D36W,0.8623,pathogenic
Q9BQB6,D36Y,0.3335,benign
Q9BQB6,R37A,0.1234,benign
Q9BQB6,R37C,0.2874,benign
Q9BQB6,R37D,0.214,benign
Q9BQB6,R37E,0.111,benign
Q9BQB6,R37F,0.4577,ambiguous
Q9BQB6,R37G,0.0905,benign
Q9BQB6,R37H,0.1125,benign
Q9BQB6,R37I,0.2435,benign
Q9BQB6,R37K,0.0737,benign
Q9BQB6,R37L,0.164,benign
Q9BQB6,R37M,0.2486,benign
Q9BQB6,R37N,0.2643,benign
Q9BQB6,R37P,0.0759,benign
Q9BQB6,R37Q,0.0757,benign
Q9BQB6,R37S,0.1578,benign
Q9BQB6,R37T,0.112,benign
Q9BQB6,R37V,0.2038,benign
Q9BQB6,R37W,0.1655,benign
Q9BQB6,R37Y,0.3466,ambiguous
Q9BQB6,D38A,0.1722,benign
Q9BQB6,D38C,0.6093,pathogenic
Q9BQB6,D38E,0.1303,benign
Q9BQB6,D38F,0.5329,ambiguous
Q9BQB6,D38G,0.1049,benign
Q9BQB6,D38H,0.1585,benign
Q9BQB6,D38I,0.5015,ambiguous
Q9BQB6,D38K,0.2993,benign
Q9BQB6,D38L,0.4614,ambiguous
Q9BQB6,D38M,0.6948,pathogenic
Q9BQB6,D38N,0.0924,benign
Q9BQB6,D38P,0.5204,ambiguous
Q9BQB6,D38Q,0.2091,benign
Q9BQB6,D38R,0.2366,benign
Q9BQB6,D38S,0.098,benign
Q9BQB6,D38T,0.2257,benign
Q9BQB6,D38V,0.302,benign
Q9BQB6,D38W,0.7221,pathogenic
Q9BQB6,D38Y,0.1877,benign
Q9BQB6,Y39A,0.9083,pathogenic
Q9BQB6,Y39C,0.8375,pathogenic
Q9BQB6,Y39D,0.811,pathogenic
Q9BQB6,Y39E,0.9488,pathogenic
Q9BQB6,Y39F,0.2398,benign
Q9BQB6,Y39G,0.8088,pathogenic
Q9BQB6,Y39H,0.733,pathogenic
Q9BQB6,Y39I,0.9374,pathogenic
Q9BQB6,Y39K,0.9523,pathogenic
Q9BQB6,Y39L,0.8726,pathogenic
Q9BQB6,Y39M,0.9624,pathogenic
Q9BQB6,Y39N,0.7933,pathogenic
Q9BQB6,Y39P,0.9232,pathogenic
Q9BQB6,Y39Q,0.9389,pathogenic
Q9BQB6,Y39R,0.8692,pathogenic
Q9BQB6,Y39S,0.7288,pathogenic
Q9BQB6,Y39T,0.9119,pathogenic
Q9BQB6,Y39V,0.8631,pathogenic
Q9BQB6,Y39W,0.6641,pathogenic
Q9BQB6,R40A,0.4368,ambiguous
Q9BQB6,R40C,0.3391,benign
Q9BQB6,R40D,0.6822,pathogenic
Q9BQB6,R40E,0.2826,benign
Q9BQB6,R40F,0.6606,pathogenic
Q9BQB6,R40G,0.3818,ambiguous
Q9BQB6,R40H,0.1399,benign
Q9BQB6,R40I,0.3631,ambiguous
Q9BQB6,R40K,0.1643,benign
Q9BQB6,R40L,0.3077,benign
Q9BQB6,R40M,0.5299,ambiguous
Q9BQB6,R40N,0.6897,pathogenic
Q9BQB6,R40P,0.5956,pathogenic
Q9BQB6,R40Q,0.1045,benign
Q9BQB6,R40S,0.4978,ambiguous
Q9BQB6,R40T,0.2641,benign
Q9BQB6,R40V,0.3041,benign
Q9BQB6,R40W,0.2525,benign
Q9BQB6,R40Y,0.5259,ambiguous
Q9BQB6,A41C,0.9404,pathogenic
Q9BQB6,A41D,0.9233,pathogenic
Q9BQB6,A41E,0.913,pathogenic
Q9BQB6,A41F,0.8854,pathogenic
Q9BQB6,A41G,0.6213,pathogenic
Q9BQB6,A41H,0.9292,pathogenic
Q9BQB6,A41I,0.9509,pathogenic
Q9BQB6,A41K,0.9713,pathogenic
Q9BQB6,A41L,0.7861,pathogenic
Q9BQB6,A41M,0.9278,pathogenic
Q9BQB6,A41N,0.9381,pathogenic
Q9BQB6,A41P,0.2708,benign
Q9BQB6,A41Q,0.902,pathogenic
Q9BQB6,A41R,0.8662,pathogenic
Q9BQB6,A41S,0.4133,ambiguous
Q9BQB6,A41T,0.8564,pathogenic
Q9BQB6,A41V,0.8286,pathogenic
Q9BQB6,A41W,0.9578,pathogenic
Q9BQB6,A41Y,0.9295,pathogenic
Q9BQB6,L42A,0.2339,benign
Q9BQB6,L42C,0.5914,pathogenic
Q9BQB6,L42D,0.8731,pathogenic
Q9BQB6,L42E,0.6556,pathogenic
Q9BQB6,L42F,0.0789,benign
Q9BQB6,L42G,0.5149,ambiguous
Q9BQB6,L42H,0.3925,ambiguous
Q9BQB6,L42I,0.1701,benign
Q9BQB6,L42K,0.5278,ambiguous
Q9BQB6,L42M,0.1317,benign
Q9BQB6,L42N,0.6966,pathogenic
Q9BQB6,L42P,0.3249,benign
Q9BQB6,L42Q,0.313,benign
Q9BQB6,L42R,0.3017,benign
Q9BQB6,L42S,0.346,ambiguous
Q9BQB6,L42T,0.4229,ambiguous
Q9BQB6,L42V,0.1162,benign
Q9BQB6,L42W,0.1329,benign
Q9BQB6,L42Y,0.2451,benign
Q9BQB6,C43A,0.9649,pathogenic
Q9BQB6,C43D,0.9896,pathogenic
Q9BQB6,C43E,0.9955,pathogenic
Q9BQB6,C43F,0.9323,pathogenic
Q9BQB6,C43G,0.8542,pathogenic
Q9BQB6,C43H,0.987,pathogenic
Q9BQB6,C43I,0.988,pathogenic
Q9BQB6,C43K,0.9975,pathogenic
Q9BQB6,C43L,0.9389,pathogenic
Q9BQB6,C43M,0.9876,pathogenic
Q9BQB6,C43N,0.9941,pathogenic
Q9BQB6,C43P,0.9696,pathogenic
Q9BQB6,C43Q,0.9918,pathogenic
Q9BQB6,C43R,0.963,pathogenic
Q9BQB6,C43S,0.9685,pathogenic
Q9BQB6,C43T,0.9858,pathogenic
Q9BQB6,C43V,0.9722,pathogenic
Q9BQB6,C43W,0.908,pathogenic
Q9BQB6,C43Y,0.9662,pathogenic
Q9BQB6,D44A,0.9472,pathogenic
Q9BQB6,D44C,0.9926,pathogenic
Q9BQB6,D44E,0.9624,pathogenic
Q9BQB6,D44F,0.9872,pathogenic
Q9BQB6,D44G,0.9464,pathogenic
Q9BQB6,D44H,0.9518,pathogenic
Q9BQB6,D44I,0.987,pathogenic
Q9BQB6,D44K,0.9863,pathogenic
Q9BQB6,D44L,0.9826,pathogenic
Q9BQB6,D44M,0.9973,pathogenic
Q9BQB6,D44N,0.8952,pathogenic
Q9BQB6,D44P,0.9804,pathogenic
Q9BQB6,D44Q,0.9824,pathogenic
Q9BQB6,D44R,0.9557,pathogenic
Q9BQB6,D44S,0.9121,pathogenic
Q9BQB6,D44T,0.9751,pathogenic
Q9BQB6,D44V,0.9526,pathogenic
Q9BQB6,D44W,0.9929,pathogenic
Q9BQB6,D44Y,0.8993,pathogenic
Q9BQB6,V45A,0.2819,benign
Q9BQB6,V45C,0.9045,pathogenic
Q9BQB6,V45D,0.8553,pathogenic
Q9BQB6,V45E,0.7296,pathogenic
Q9BQB6,V45F,0.1573,benign
Q9BQB6,V45G,0.4413,ambiguous
Q9BQB6,V45H,0.8719,pathogenic
Q9BQB6,V45I,0.0966,benign
Q9BQB6,V45K,0.757,pathogenic
Q9BQB6,V45L,0.2145,benign
Q9BQB6,V45M,0.205,benign
Q9BQB6,V45N,0.852,pathogenic
Q9BQB6,V45P,0.8458,pathogenic
Q9BQB6,V45Q,0.7024,pathogenic
Q9BQB6,V45R,0.6212,pathogenic
Q9BQB6,V45S,0.6181,pathogenic
Q9BQB6,V45T,0.406,ambiguous
Q9BQB6,V45W,0.753,pathogenic
Q9BQB6,V45Y,0.7755,pathogenic
Q9BQB6,G46A,0.4315,ambiguous
Q9BQB6,G46C,0.7889,pathogenic
Q9BQB6,G46D,0.5848,pathogenic
Q9BQB6,G46E,0.7876,pathogenic
Q9BQB6,G46F,0.9326,pathogenic
Q9BQB6,G46H,0.853,pathogenic
Q9BQB6,G46I,0.9395,pathogenic
Q9BQB6,G46K,0.9422,pathogenic
Q9BQB6,G46L,0.9117,pathogenic
Q9BQB6,G46M,0.953,pathogenic
Q9BQB6,G46N,0.7049,pathogenic
Q9BQB6,G46P,0.9457,pathogenic
Q9BQB6,G46Q,0.8569,pathogenic
Q9BQB6,G46R,0.8429,pathogenic
Q9BQB6,G46S,0.2592,benign
Q9BQB6,G46T,0.7157,pathogenic
Q9BQB6,G46V,0.857,pathogenic
Q9BQB6,G46W,0.8516,pathogenic
Q9BQB6,G46Y,0.9107,pathogenic
Q9BQB6,T47A,0.0799,benign
Q9BQB6,T47C,0.5953,pathogenic
Q9BQB6,T47D,0.1723,benign
Q9BQB6,T47E,0.1292,benign
Q9BQB6,T47F,0.29,benign
Q9BQB6,T47G,0.1816,benign
Q9BQB6,T47H,0.1892,benign
Q9BQB6,T47I,0.2636,benign
Q9BQB6,T47K,0.144,benign
Q9BQB6,T47L,0.143,benign
Q9BQB6,T47M,0.1199,benign
Q9BQB6,T47N,0.1118,benign
Q9BQB6,T47P,0.0765,benign
Q9BQB6,T47Q,0.1509,benign
Q9BQB6,T47R,0.1147,benign
Q9BQB6,T47S,0.095,benign
Q9BQB6,T47V,0.1835,benign
Q9BQB6,T47W,0.4571,ambiguous
Q9BQB6,T47Y,0.3152,benign
Q9BQB6,A48C,0.7267,pathogenic
Q9BQB6,A48D,0.3812,ambiguous
Q9BQB6,A48E,0.4189,ambiguous
Q9BQB6,A48F,0.3886,ambiguous
Q9BQB6,A48G,0.2097,benign
Q9BQB6,A48H,0.4659,ambiguous
Q9BQB6,A48I,0.4754,ambiguous
Q9BQB6,A48K,0.6135,pathogenic
Q9BQB6,A48L,0.3778,ambiguous
Q9BQB6,A48M,0.4099,ambiguous
Q9BQB6,A48N,0.4084,ambiguous
Q9BQB6,A48P,0.5295,ambiguous
Q9BQB6,A48Q,0.4394,ambiguous
Q9BQB6,A48R,0.4516,ambiguous
Q9BQB6,A48S,0.089,benign
Q9BQB6,A48T,0.1227,benign
Q9BQB6,A48V,0.2006,benign
Q9BQB6,A48W,0.6664,pathogenic
Q9BQB6,A48Y,0.515,ambiguous
Q9BQB6,I49A,0.8197,pathogenic
Q9BQB6,I49C,0.9555,pathogenic
Q9BQB6,I49D,0.9885,pathogenic
Q9BQB6,I49E,0.9813,pathogenic
Q9BQB6,I49F,0.3228,benign
Q9BQB6,I49G,0.9636,pathogenic
Q9BQB6,I49H,0.9704,pathogenic
Q9BQB6,I49K,0.971,pathogenic
Q9BQB6,I49L,0.3096,benign
Q9BQB6,I49M,0.3026,benign
Q9BQB6,I49N,0.9423,pathogenic
Q9BQB6,I49P,0.9257,pathogenic
Q9BQB6,I49Q,0.9618,pathogenic
Q9BQB6,I49R,0.9311,pathogenic
Q9BQB6,I49S,0.8728,pathogenic
Q9BQB6,I49T,0.8962,pathogenic
Q9BQB6,I49V,0.1121,benign
Q9BQB6,I49W,0.9047,pathogenic
Q9BQB6,I49Y,0.8759,pathogenic
Q9BQB6,S50A,0.4528,ambiguous
Q9BQB6,S50C,0.7644,pathogenic
Q9BQB6,S50D,0.9528,pathogenic
Q9BQB6,S50E,0.9604,pathogenic
Q9BQB6,S50F,0.8999,pathogenic
Q9BQB6,S50G,0.571,pathogenic
Q9BQB6,S50H,0.894,pathogenic
Q9BQB6,S50I,0.9225,pathogenic
Q9BQB6,S50K,0.9851,pathogenic
Q9BQB6,S50L,0.8191,pathogenic
Q9BQB6,S50M,0.9397,pathogenic
Q9BQB6,S50N,0.8805,pathogenic
Q9BQB6,S50P,0.9134,pathogenic
Q9BQB6,S50Q,0.9154,pathogenic
Q9BQB6,S50R,0.9315,pathogenic
Q9BQB6,S50T,0.4722,ambiguous
Q9BQB6,S50V,0.9056,pathogenic
Q9BQB6,S50W,0.8237,pathogenic
Q9BQB6,S50Y,0.8735,pathogenic
Q9BQB6,C51A,0.9548,pathogenic
Q9BQB6,C51D,0.9856,pathogenic
Q9BQB6,C51E,0.9945,pathogenic
Q9BQB6,C51F,0.9049,pathogenic
Q9BQB6,C51G,0.8668,pathogenic
Q9BQB6,C51H,0.9826,pathogenic
Q9BQB6,C51I,0.9781,pathogenic
Q9BQB6,C51K,0.9969,pathogenic
Q9BQB6,C51L,0.9412,pathogenic
Q9BQB6,C51M,0.9859,pathogenic
Q9BQB6,C51N,0.9908,pathogenic
Q9BQB6,C51P,0.9722,pathogenic
Q9BQB6,C51Q,0.9911,pathogenic
Q9BQB6,C51R,0.9532,pathogenic
Q9BQB6,C51S,0.9461,pathogenic
Q9BQB6,C51T,0.9789,pathogenic
Q9BQB6,C51V,0.9477,pathogenic
Q9BQB6,C51W,0.918,pathogenic
Q9BQB6,C51Y,0.9541,pathogenic
Q9BQB6,S52A,0.6614,pathogenic
Q9BQB6,S52C,0.9176,pathogenic
Q9BQB6,S52D,0.9579,pathogenic
Q9BQB6,S52E,0.9467,pathogenic
Q9BQB6,S52F,0.9621,pathogenic
Q9BQB6,S52G,0.6462,pathogenic
Q9BQB6,S52H,0.9438,pathogenic
Q9BQB6,S52I,0.9719,pathogenic
Q9BQB6,S52K,0.9908,pathogenic
Q9BQB6,S52L,0.9167,pathogenic
Q9BQB6,S52M,0.955,pathogenic
Q9BQB6,S52N,0.9496,pathogenic
Q9BQB6,S52P,0.8688,pathogenic
Q9BQB6,S52Q,0.95,pathogenic
Q9BQB6,S52R,0.9749,pathogenic
Q9BQB6,S52T,0.285,benign
Q9BQB6,S52V,0.954,pathogenic
Q9BQB6,S52W,0.9056,pathogenic
Q9BQB6,S52Y,0.9422,pathogenic
Q9BQB6,R53A,0.5133,ambiguous
Q9BQB6,R53C,0.5536,ambiguous
Q9BQB6,R53D,0.8203,pathogenic
Q9BQB6,R53E,0.5129,ambiguous
Q9BQB6,R53F,0.864,pathogenic
Q9BQB6,R53G,0.46,ambiguous
Q9BQB6,R53H,0.2352,benign
Q9BQB6,R53I,0.649,pathogenic
Q9BQB6,R53K,0.17,benign
Q9BQB6,R53L,0.4104,ambiguous
Q9BQB6,R53M,0.6685,pathogenic
Q9BQB6,R53N,0.7978,pathogenic
Q9BQB6,R53P,0.7745,pathogenic
Q9BQB6,R53Q,0.1679,benign
Q9BQB6,R53S,0.641,pathogenic
Q9BQB6,R53T,0.4553,ambiguous
Q9BQB6,R53V,0.5988,pathogenic
Q9BQB6,R53W,0.4063,ambiguous
Q9BQB6,R53Y,0.7449,pathogenic
Q9BQB6,V54A,0.6549,pathogenic
Q9BQB6,V54C,0.9696,pathogenic
Q9BQB6,V54D,0.8875,pathogenic
Q9BQB6,V54E,0.8582,pathogenic
Q9BQB6,V54F,0.7621,pathogenic
Q9BQB6,V54G,0.6578,pathogenic
Q9BQB6,V54H,0.9596,pathogenic
Q9BQB6,V54I,0.3559,ambiguous
Q9BQB6,V54K,0.9363,pathogenic
Q9BQB6,V54L,0.8738,pathogenic
Q9BQB6,V54M,0.908,pathogenic
Q9BQB6,V54N,0.8897,pathogenic
Q9BQB6,V54P,0.8186,pathogenic
Q9BQB6,V54Q,0.8673,pathogenic
Q9BQB6,V54R,0.7931,pathogenic
Q9BQB6,V54S,0.7392,pathogenic
Q9BQB6,V54T,0.8169,pathogenic
Q9BQB6,V54W,0.9813,pathogenic
Q9BQB6,V54Y,0.9166,pathogenic
Q9BQB6,F55A,0.9602,pathogenic
Q9BQB6,F55C,0.9658,pathogenic
Q9BQB6,F55D,0.9872,pathogenic
Q9BQB6,F55E,0.9873,pathogenic
Q9BQB6,F55G,0.9763,pathogenic
Q9BQB6,F55H,0.9752,pathogenic
Q9BQB6,F55I,0.8953,pathogenic
Q9BQB6,F55K,0.9914,pathogenic
Q9BQB6,F55L,0.9705,pathogenic
Q9BQB6,F55M,0.959,pathogenic
Q9BQB6,F55N,0.9805,pathogenic
Q9BQB6,F55P,0.9941,pathogenic
Q9BQB6,F55Q,0.9828,pathogenic
Q9BQB6,F55R,0.9631,pathogenic
Q9BQB6,F55S,0.954,pathogenic
Q9BQB6,F55T,0.9774,pathogenic
Q9BQB6,F55V,0.9076,pathogenic
Q9BQB6,F55W,0.8925,pathogenic
Q9BQB6,F55Y,0.7788,pathogenic
Q9BQB6,S56A,0.1559,benign
Q9BQB6,S56C,0.4284,ambiguous
Q9BQB6,S56D,0.6856,pathogenic
Q9BQB6,S56E,0.7535,pathogenic
Q9BQB6,S56F,0.5753,pathogenic
Q9BQB6,S56G,0.1711,benign
Q9BQB6,S56H,0.6597,pathogenic
Q9BQB6,S56I,0.6638,pathogenic
Q9BQB6,S56K,0.9331,pathogenic
Q9BQB6,S56L,0.344,ambiguous
Q9BQB6,S56M,0.6057,pathogenic
Q9BQB6,S56N,0.4906,ambiguous
Q9BQB6,S56P,0.7872,pathogenic
Q9BQB6,S56Q,0.7346,pathogenic
Q9BQB6,S56R,0.8384,pathogenic
Q9BQB6,S56T,0.1623,benign
Q9BQB6,S56V,0.5896,pathogenic
Q9BQB6,S56W,0.6049,pathogenic
Q9BQB6,S56Y,0.5016,ambiguous
Q9BQB6,S57A,0.6119,pathogenic
Q9BQB6,S57C,0.8234,pathogenic
Q9BQB6,S57D,0.9264,pathogenic
Q9BQB6,S57E,0.9332,pathogenic
Q9BQB6,S57F,0.9293,pathogenic
Q9BQB6,S57G,0.5625,ambiguous
Q9BQB6,S57H,0.8859,pathogenic
Q9BQB6,S57I,0.9611,pathogenic
Q9BQB6,S57K,0.9801,pathogenic
Q9BQB6,S57L,0.8627,pathogenic
Q9BQB6,S57M,0.9243,pathogenic
Q9BQB6,S57N,0.9326,pathogenic
Q9BQB6,S57P,0.9212,pathogenic
Q9BQB6,S57Q,0.9264,pathogenic
Q9BQB6,S57R,0.967,pathogenic
Q9BQB6,S57T,0.4919,ambiguous
Q9BQB6,S57V,0.9355,pathogenic
Q9BQB6,S57W,0.8068,pathogenic
Q9BQB6,S57Y,0.8858,pathogenic
Q9BQB6,R58A,0.4835,ambiguous
Q9BQB6,R58C,0.5461,ambiguous
Q9BQB6,R58D,0.608,pathogenic
Q9BQB6,R58E,0.3067,benign
Q9BQB6,R58F,0.849,pathogenic
Q9BQB6,R58G,0.3574,ambiguous
Q9BQB6,R58H,0.2344,benign
Q9BQB6,R58I,0.652,pathogenic
Q9BQB6,R58K,0.2243,benign
Q9BQB6,R58L,0.5433,ambiguous
Q9BQB6,R58M,0.7677,pathogenic
Q9BQB6,R58N,0.7279,pathogenic
Q9BQB6,R58P,0.1973,benign
Q9BQB6,R58Q,0.1584,benign
Q9BQB6,R58S,0.4463,ambiguous
Q9BQB6,R58T,0.4254,ambiguous
Q9BQB6,R58V,0.6129,pathogenic
Q9BQB6,R58W,0.3701,ambiguous
Q9BQB6,R58Y,0.6876,pathogenic
Q9BQB6,W59A,0.872,pathogenic
Q9BQB6,W59C,0.969,pathogenic
Q9BQB6,W59D,0.9717,pathogenic
Q9BQB6,W59E,0.9522,pathogenic
Q9BQB6,W59F,0.4379,ambiguous
Q9BQB6,W59G,0.7305,pathogenic
Q9BQB6,W59H,0.9384,pathogenic
Q9BQB6,W59I,0.9562,pathogenic
Q9BQB6,W59K,0.9832,pathogenic
Q9BQB6,W59L,0.8214,pathogenic
Q9BQB6,W59M,0.9489,pathogenic
Q9BQB6,W59N,0.9753,pathogenic
Q9BQB6,W59P,0.9578,pathogenic
Q9BQB6,W59Q,0.9687,pathogenic
Q9BQB6,W59R,0.9574,pathogenic
Q9BQB6,W59S,0.837,pathogenic
Q9BQB6,W59T,0.9381,pathogenic
Q9BQB6,W59V,0.9177,pathogenic
Q9BQB6,W59Y,0.5333,ambiguous
Q9BQB6,G60A,0.4195,ambiguous
Q9BQB6,G60C,0.8851,pathogenic
Q9BQB6,G60D,0.9025,pathogenic
Q9BQB6,G60E,0.8762,pathogenic
Q9BQB6,G60F,0.9761,pathogenic
Q9BQB6,G60H,0.9641,pathogenic
Q9BQB6,G60I,0.9547,pathogenic
Q9BQB6,G60K,0.9767,pathogenic
Q9BQB6,G60L,0.9526,pathogenic
Q9BQB6,G60M,0.9716,pathogenic
Q9BQB6,G60N,0.9377,pathogenic
Q9BQB6,G60P,0.9852,pathogenic
Q9BQB6,G60Q,0.9196,pathogenic
Q9BQB6,G60R,0.9396,pathogenic
Q9BQB6,G60S,0.3419,ambiguous
Q9BQB6,G60T,0.8423,pathogenic
Q9BQB6,G60V,0.9028,pathogenic
Q9BQB6,G60W,0.9317,pathogenic
Q9BQB6,G60Y,0.9671,pathogenic
Q9BQB6,R61A,0.3656,ambiguous
Q9BQB6,R61C,0.2526,benign
Q9BQB6,R61D,0.6694,pathogenic
Q9BQB6,R61E,0.2295,benign
Q9BQB6,R61F,0.596,pathogenic
Q9BQB6,R61G,0.3099,benign
Q9BQB6,R61H,0.1216,benign
Q9BQB6,R61I,0.3424,ambiguous
Q9BQB6,R61K,0.1021,benign
Q9BQB6,R61L,0.2706,benign
Q9BQB6,R61M,0.2828,benign
Q9BQB6,R61N,0.5476,ambiguous
Q9BQB6,R61P,0.7942,pathogenic
Q9BQB6,R61Q,0.0733,benign
Q9BQB6,R61S,0.3892,ambiguous
Q9BQB6,R61T,0.1649,benign
Q9BQB6,R61V,0.329,benign
Q9BQB6,R61W,0.1708,benign
Q9BQB6,R61Y,0.4332,ambiguous
Q9BQB6,G62A,0.8731,pathogenic
Q9BQB6,G62C,0.9547,pathogenic
Q9BQB6,G62D,0.9482,pathogenic
Q9BQB6,G62E,0.974,pathogenic
Q9BQB6,G62F,0.9823,pathogenic
Q9BQB6,G62H,0.9923,pathogenic
Q9BQB6,G62I,0.9588,pathogenic
Q9BQB6,G62K,0.9922,pathogenic
Q9BQB6,G62L,0.983,pathogenic
Q9BQB6,G62M,0.9914,pathogenic
Q9BQB6,G62N,0.984,pathogenic
Q9BQB6,G62P,0.9829,pathogenic
Q9BQB6,G62Q,0.989,pathogenic
Q9BQB6,G62R,0.9722,pathogenic
Q9BQB6,G62S,0.8702,pathogenic
Q9BQB6,G62T,0.9524,pathogenic
Q9BQB6,G62V,0.92,pathogenic
Q9BQB6,G62W,0.958,pathogenic
Q9BQB6,G62Y,0.977,pathogenic
Q9BQB6,F63A,0.9545,pathogenic
Q9BQB6,F63C,0.9433,pathogenic
Q9BQB6,F63D,0.9909,pathogenic
Q9BQB6,F63E,0.9929,pathogenic
Q9BQB6,F63G,0.9591,pathogenic
Q9BQB6,F63H,0.9783,pathogenic
Q9BQB6,F63I,0.9303,pathogenic
Q9BQB6,F63K,0.9932,pathogenic
Q9BQB6,F63L,0.9695,pathogenic
Q9BQB6,F63M,0.926,pathogenic
Q9BQB6,F63N,0.9836,pathogenic
Q9BQB6,F63P,0.9958,pathogenic
Q9BQB6,F63Q,0.9861,pathogenic
Q9BQB6,F63R,0.9728,pathogenic
Q9BQB6,F63S,0.9553,pathogenic
Q9BQB6,F63T,0.9808,pathogenic
Q9BQB6,F63V,0.9175,pathogenic
Q9BQB6,F63W,0.7372,pathogenic
Q9BQB6,F63Y,0.7101,pathogenic
Q9BQB6,G64A,0.8854,pathogenic
Q9BQB6,G64C,0.9538,pathogenic
Q9BQB6,G64D,0.9648,pathogenic
Q9BQB6,G64E,0.9798,pathogenic
Q9BQB6,G64F,0.9802,pathogenic
Q9BQB6,G64H,0.9818,pathogenic
Q9BQB6,G64I,0.9775,pathogenic
Q9BQB6,G64K,0.9916,pathogenic
Q9BQB6,G64L,0.9683,pathogenic
Q9BQB6,G64M,0.993,pathogenic
Q9BQB6,G64N,0.985,pathogenic
Q9BQB6,G64P,0.9816,pathogenic
Q9BQB6,G64Q,0.9769,pathogenic
Q9BQB6,G64R,0.9533,pathogenic
Q9BQB6,G64S,0.8107,pathogenic
Q9BQB6,G64T,0.969,pathogenic
Q9BQB6,G64V,0.9599,pathogenic
Q9BQB6,G64W,0.9581,pathogenic
Q9BQB6,G64Y,0.9806,pathogenic
Q9BQB6,L65A,0.6923,pathogenic
Q9BQB6,L65C,0.9077,pathogenic
Q9BQB6,L65D,0.9887,pathogenic
Q9BQB6,L65E,0.9399,pathogenic
Q9BQB6,L65F,0.2349,benign
Q9BQB6,L65G,0.9269,pathogenic
Q9BQB6,L65H,0.903,pathogenic
Q9BQB6,L65I,0.1301,benign
Q9BQB6,L65K,0.9151,pathogenic
Q9BQB6,L65M,0.2352,benign
Q9BQB6,L65N,0.9698,pathogenic
Q9BQB6,L65P,0.8506,pathogenic
Q9BQB6,L65Q,0.8427,pathogenic
Q9BQB6,L65R,0.8134,pathogenic
Q9BQB6,L65S,0.9233,pathogenic
Q9BQB6,L65T,0.8346,pathogenic
Q9BQB6,L65V,0.149,benign
Q9BQB6,L65W,0.493,ambiguous
Q9BQB6,L65Y,0.8292,pathogenic
Q9BQB6,V66A,0.2358,benign
Q9BQB6,V66C,0.935,pathogenic
Q9BQB6,V66D,0.9512,pathogenic
Q9BQB6,V66E,0.8862,pathogenic
Q9BQB6,V66F,0.3838,ambiguous
Q9BQB6,V66G,0.4701,ambiguous
Q9BQB6,V66H,0.966,pathogenic
Q9BQB6,V66I,0.1355,benign
Q9BQB6,V66K,0.9199,pathogenic
Q9BQB6,V66L,0.2716,benign
Q9BQB6,V66M,0.3556,ambiguous
Q9BQB6,V66N,0.936,pathogenic
Q9BQB6,V66P,0.7756,pathogenic
Q9BQB6,V66Q,0.8624,pathogenic
Q9BQB6,V66R,0.8315,pathogenic
Q9BQB6,V66S,0.6466,pathogenic
Q9BQB6,V66T,0.3644,ambiguous
Q9BQB6,V66W,0.9066,pathogenic
Q9BQB6,V66Y,0.9275,pathogenic
Q9BQB6,E67A,0.2169,benign
Q9BQB6,E67C,0.945,pathogenic
Q9BQB6,E67D,0.3709,ambiguous
Q9BQB6,E67F,0.9349,pathogenic
Q9BQB6,E67G,0.1525,benign
Q9BQB6,E67H,0.6564,pathogenic
Q9BQB6,E67I,0.8439,pathogenic
Q9BQB6,E67K,0.3046,benign
Q9BQB6,E67L,0.7724,pathogenic
Q9BQB6,E67M,0.8066,pathogenic
Q9BQB6,E67N,0.5979,pathogenic
Q9BQB6,E67P,0.6983,pathogenic
Q9BQB6,E67Q,0.1394,benign
Q9BQB6,E67R,0.3367,benign
Q9BQB6,E67S,0.2636,benign
Q9BQB6,E67T,0.5119,ambiguous
Q9BQB6,E67V,0.6396,pathogenic
Q9BQB6,E67W,0.947,pathogenic
Q9BQB6,E67Y,0.8654,pathogenic
Q9BQB6,H68A,0.1327,benign
Q9BQB6,H68C,0.2592,benign
Q9BQB6,H68D,0.1083,benign
Q9BQB6,H68E,0.1329,benign
Q9BQB6,H68F,0.2246,benign
Q9BQB6,H68G,0.1554,benign
Q9BQB6,H68I,0.2286,benign
Q9BQB6,H68K,0.1395,benign
Q9BQB6,H68L,0.1029,benign
Q9BQB6,H68M,0.2905,benign
Q9BQB6,H68N,0.084,benign
Q9BQB6,H68P,0.066,benign
Q9BQB6,H68Q,0.1002,benign
Q9BQB6,H68R,0.0824,benign
Q9BQB6,H68S,0.1212,benign
Q9BQB6,H68T,0.1399,benign
Q9BQB6,H68V,0.1585,benign
Q9BQB6,H68W,0.2157,benign
Q9BQB6,H68Y,0.0854,benign
Q9BQB6,V69A,0.2231,benign
Q9BQB6,V69C,0.6918,pathogenic
Q9BQB6,V69D,0.7795,pathogenic
Q9BQB6,V69E,0.6439,pathogenic
Q9BQB6,V69F,0.0761,benign
Q9BQB6,V69G,0.2986,benign
Q9BQB6,V69H,0.6892,pathogenic
Q9BQB6,V69I,0.0772,benign
Q9BQB6,V69K,0.6291,pathogenic
Q9BQB6,V69L,0.1172,benign
Q9BQB6,V69M,0.1273,benign
Q9BQB6,V69N,0.7077,pathogenic
Q9BQB6,V69P,0.6756,pathogenic
Q9BQB6,V69Q,0.6035,pathogenic
Q9BQB6,V69R,0.5199,ambiguous
Q9BQB6,V69S,0.4631,ambiguous
Q9BQB6,V69T,0.3815,ambiguous
Q9BQB6,V69W,0.5093,ambiguous
Q9BQB6,V69Y,0.4141,ambiguous
Q9BQB6,L70A,0.3182,benign
Q9BQB6,L70C,0.7069,pathogenic
Q9BQB6,L70D,0.9632,pathogenic
Q9BQB6,L70E,0.8585,pathogenic
Q9BQB6,L70F,0.1047,benign
Q9BQB6,L70G,0.705,pathogenic
Q9BQB6,L70H,0.7151,pathogenic
Q9BQB6,L70I,0.202,benign
Q9BQB6,L70K,0.8232,pathogenic
Q9BQB6,L70M,0.1928,benign
Q9BQB6,L70N,0.9255,pathogenic
Q9BQB6,L70P,0.5782,pathogenic
Q9BQB6,L70Q,0.5897,pathogenic
Q9BQB6,L70R,0.5634,ambiguous
Q9BQB6,L70S,0.6254,pathogenic
Q9BQB6,L70T,0.3667,ambiguous
Q9BQB6,L70V,0.1354,benign
Q9BQB6,L70W,0.2367,benign
Q9BQB6,L70Y,0.7037,pathogenic
Q9BQB6,G71A,0.5481,ambiguous
Q9BQB6,G71C,0.7978,pathogenic
Q9BQB6,G71D,0.5867,pathogenic
Q9BQB6,G71E,0.7505,pathogenic
Q9BQB6,G71F,0.939,pathogenic
Q9BQB6,G71H,0.8113,pathogenic
Q9BQB6,G71I,0.9325,pathogenic
Q9BQB6,G71K,0.8815,pathogenic
Q9BQB6,G71L,0.8896,pathogenic
Q9BQB6,G71M,0.9543,pathogenic
Q9BQB6,G71N,0.8204,pathogenic
Q9BQB6,G71P,0.8402,pathogenic
Q9BQB6,G71Q,0.8036,pathogenic
Q9BQB6,G71R,0.7666,pathogenic
Q9BQB6,G71S,0.3474,ambiguous
Q9BQB6,G71T,0.7394,pathogenic
Q9BQB6,G71V,0.8492,pathogenic
Q9BQB6,G71W,0.8471,pathogenic
Q9BQB6,G71Y,0.9095,pathogenic
Q9BQB6,Q72A,0.0916,benign
Q9BQB6,Q72C,0.5157,ambiguous
Q9BQB6,Q72D,0.1944,benign
Q9BQB6,Q72E,0.0608,benign
Q9BQB6,Q72F,0.5502,ambiguous
Q9BQB6,Q72G,0.1317,benign
Q9BQB6,Q72H,0.1335,benign
Q9BQB6,Q72I,0.3146,benign
Q9BQB6,Q72K,0.0521,benign
Q9BQB6,Q72L,0.1504,benign
Q9BQB6,Q72M,0.2752,benign
Q9BQB6,Q72N,0.1999,benign
Q9BQB6,Q72P,0.0548,benign
Q9BQB6,Q72R,0.0593,benign
Q9BQB6,Q72S,0.1087,benign
Q9BQB6,Q72T,0.1058,benign
Q9BQB6,Q72V,0.1796,benign
Q9BQB6,Q72W,0.3031,benign
Q9BQB6,Q72Y,0.3505,ambiguous
Q9BQB6,D73A,0.2186,benign
Q9BQB6,D73C,0.7096,pathogenic
Q9BQB6,D73E,0.1487,benign
Q9BQB6,D73F,0.633,pathogenic
Q9BQB6,D73G,0.1124,benign
Q9BQB6,D73H,0.183,benign
Q9BQB6,D73I,0.5631,ambiguous
Q9BQB6,D73K,0.2765,benign
Q9BQB6,D73L,0.5454,ambiguous
Q9BQB6,D73M,0.7334,pathogenic
Q9BQB6,D73N,0.1063,benign
Q9BQB6,D73P,0.5745,pathogenic
Q9BQB6,D73Q,0.2522,benign
Q9BQB6,D73R,0.2693,benign
Q9BQB6,D73S,0.1457,benign
Q9BQB6,D73T,0.2844,benign
Q9BQB6,D73V,0.3472,ambiguous
Q9BQB6,D73W,0.782,pathogenic
Q9BQB6,D73Y,0.2154,benign
Q9BQB6,S74A,0.3802,ambiguous
Q9BQB6,S74C,0.2552,benign
Q9BQB6,S74D,0.7418,pathogenic
Q9BQB6,S74E,0.9352,pathogenic
Q9BQB6,S74F,0.8327,pathogenic
Q9BQB6,S74G,0.1742,benign
Q9BQB6,S74H,0.4152,ambiguous
Q9BQB6,S74I,0.7563,pathogenic
Q9BQB6,S74K,0.9729,pathogenic
Q9BQB6,S74L,0.6539,pathogenic
Q9BQB6,S74M,0.7175,pathogenic
Q9BQB6,S74N,0.323,benign
Q9BQB6,S74P,0.8567,pathogenic
Q9BQB6,S74Q,0.9099,pathogenic
Q9BQB6,S74R,0.9503,pathogenic
Q9BQB6,S74T,0.3096,benign
Q9BQB6,S74V,0.7607,pathogenic
Q9BQB6,S74W,0.7007,pathogenic
Q9BQB6,S74Y,0.6967,pathogenic
Q9BQB6,I75A,0.2583,benign
Q9BQB6,I75C,0.6042,pathogenic
Q9BQB6,I75D,0.7195,pathogenic
Q9BQB6,I75E,0.7019,pathogenic
Q9BQB6,I75F,0.0931,benign
Q9BQB6,I75G,0.555,ambiguous
Q9BQB6,I75H,0.5281,ambiguous
Q9BQB6,I75K,0.5896,pathogenic
Q9BQB6,I75L,0.0935,benign
Q9BQB6,I75M,0.1395,benign
Q9BQB6,I75N,0.4623,ambiguous
Q9BQB6,I75P,0.2474,benign
Q9BQB6,I75Q,0.6238,pathogenic
Q9BQB6,I75R,0.4266,ambiguous
Q9BQB6,I75S,0.3311,benign
Q9BQB6,I75T,0.3781,ambiguous
Q9BQB6,I75V,0.0675,benign
Q9BQB6,I75W,0.5054,ambiguous
Q9BQB6,I75Y,0.3925,ambiguous
Q9BQB6,L76A,0.5193,ambiguous
Q9BQB6,L76C,0.6229,pathogenic
Q9BQB6,L76D,0.9865,pathogenic
Q9BQB6,L76E,0.9535,pathogenic
Q9BQB6,L76F,0.0713,benign
Q9BQB6,L76G,0.8035,pathogenic
Q9BQB6,L76H,0.8413,pathogenic
Q9BQB6,L76I,0.2195,benign
Q9BQB6,L76K,0.9494,pathogenic
Q9BQB6,L76M,0.2239,benign
Q9BQB6,L76N,0.9597,pathogenic
Q9BQB6,L76P,0.6792,pathogenic
Q9BQB6,L76Q,0.8002,pathogenic
Q9BQB6,L76R,0.7991,pathogenic
Q9BQB6,L76S,0.8233,pathogenic
Q9BQB6,L76T,0.7495,pathogenic
Q9BQB6,L76V,0.1868,benign
Q9BQB6,L76W,0.2366,benign
Q9BQB6,L76Y,0.6083,pathogenic
Q9BQB6,N77A,0.7968,pathogenic
Q9BQB6,N77C,0.7736,pathogenic
Q9BQB6,N77D,0.6959,pathogenic
Q9BQB6,N77E,0.9126,pathogenic
Q9BQB6,N77F,0.9168,pathogenic
Q9BQB6,N77G,0.7851,pathogenic
Q9BQB6,N77H,0.554,ambiguous
Q9BQB6,N77I,0.6161,pathogenic
Q9BQB6,N77K,0.9058,pathogenic
Q9BQB6,N77L,0.5926,pathogenic
Q9BQB6,N77M,0.83,pathogenic
Q9BQB6,N77P,0.8464,pathogenic
Q9BQB6,N77Q,0.8527,pathogenic
Q9BQB6,N77R,0.8227,pathogenic
Q9BQB6,N77S,0.3293,benign
Q9BQB6,N77T,0.6522,pathogenic
Q9BQB6,N77V,0.6091,pathogenic
Q9BQB6,N77W,0.947,pathogenic
Q9BQB6,N77Y,0.6202,pathogenic
Q9BQB6,Q78A,0.5397,ambiguous
Q9BQB6,Q78C,0.9521,pathogenic
Q9BQB6,Q78D,0.9554,pathogenic
Q9BQB6,Q78E,0.2528,benign
Q9BQB6,Q78F,0.8913,pathogenic
Q9BQB6,Q78G,0.736,pathogenic
Q9BQB6,Q78H,0.8207,pathogenic
Q9BQB6,Q78I,0.6044,pathogenic
Q9BQB6,Q78K,0.3997,ambiguous
Q9BQB6,Q78L,0.4231,ambiguous
Q9BQB6,Q78M,0.6732,pathogenic
Q9BQB6,Q78N,0.8796,pathogenic
Q9BQB6,Q78P,0.515,ambiguous
Q9BQB6,Q78R,0.3124,benign
Q9BQB6,Q78S,0.7333,pathogenic
Q9BQB6,Q78T,0.5822,pathogenic
Q9BQB6,Q78V,0.3778,ambiguous
Q9BQB6,Q78W,0.8925,pathogenic
Q9BQB6,Q78Y,0.8908,pathogenic
Q9BQB6,S79A,0.3659,ambiguous
Q9BQB6,S79C,0.5933,pathogenic
Q9BQB6,S79D,0.6465,pathogenic
Q9BQB6,S79E,0.8405,pathogenic
Q9BQB6,S79F,0.9139,pathogenic
Q9BQB6,S79G,0.3302,benign
Q9BQB6,S79H,0.7624,pathogenic
Q9BQB6,S79I,0.9242,pathogenic
Q9BQB6,S79K,0.9518,pathogenic
Q9BQB6,S79L,0.7977,pathogenic
Q9BQB6,S79M,0.879,pathogenic
Q9BQB6,S79N,0.5251,ambiguous
Q9BQB6,S79P,0.1945,benign
Q9BQB6,S79Q,0.8555,pathogenic
Q9BQB6,S79R,0.9261,pathogenic
Q9BQB6,S79T,0.3523,ambiguous
Q9BQB6,S79V,0.8804,pathogenic
Q9BQB6,S79W,0.7616,pathogenic
Q9BQB6,S79Y,0.7085,pathogenic
Q9BQB6,N80A,0.9449,pathogenic
Q9BQB6,N80C,0.9106,pathogenic
Q9BQB6,N80D,0.8759,pathogenic
Q9BQB6,N80E,0.9834,pathogenic
Q9BQB6,N80F,0.9859,pathogenic
Q9BQB6,N80G,0.9103,pathogenic
Q9BQB6,N80H,0.855,pathogenic
Q9BQB6,N80I,0.9197,pathogenic
Q9BQB6,N80K,0.979,pathogenic
Q9BQB6,N80L,0.8439,pathogenic
Q9BQB6,N80M,0.9622,pathogenic
Q9BQB6,N80P,0.8179,pathogenic
Q9BQB6,N80Q,0.9793,pathogenic
Q9BQB6,N80R,0.9623,pathogenic
Q9BQB6,N80S,0.521,ambiguous
Q9BQB6,N80T,0.8566,pathogenic
Q9BQB6,N80V,0.9008,pathogenic
Q9BQB6,N80W,0.9919,pathogenic
Q9BQB6,N80Y,0.9179,pathogenic
Q9BQB6,S81A,0.222,benign
Q9BQB6,S81C,0.4052,ambiguous
Q9BQB6,S81D,0.9611,pathogenic
Q9BQB6,S81E,0.9748,pathogenic
Q9BQB6,S81F,0.9499,pathogenic
Q9BQB6,S81G,0.204,benign
Q9BQB6,S81H,0.9353,pathogenic
Q9BQB6,S81I,0.9012,pathogenic
Q9BQB6,S81K,0.9955,pathogenic
Q9BQB6,S81L,0.8639,pathogenic
Q9BQB6,S81M,0.9129,pathogenic
Q9BQB6,S81N,0.8344,pathogenic
Q9BQB6,S81P,0.5951,pathogenic
Q9BQB6,S81Q,0.968,pathogenic
Q9BQB6,S81R,0.9822,pathogenic
Q9BQB6,S81T,0.5217,ambiguous
Q9BQB6,S81V,0.8823,pathogenic
Q9BQB6,S81W,0.913,pathogenic
Q9BQB6,S81Y,0.9104,pathogenic
Q9BQB6,I82A,0.6077,pathogenic
Q9BQB6,I82C,0.8073,pathogenic
Q9BQB6,I82D,0.9484,pathogenic
Q9BQB6,I82E,0.9332,pathogenic
Q9BQB6,I82F,0.2514,benign
Q9BQB6,I82G,0.855,pathogenic
Q9BQB6,I82H,0.8396,pathogenic
Q9BQB6,I82K,0.8844,pathogenic
Q9BQB6,I82L,0.1149,benign
Q9BQB6,I82M,0.2411,benign
Q9BQB6,I82N,0.7059,pathogenic
Q9BQB6,I82P,0.9041,pathogenic
Q9BQB6,I82Q,0.8936,pathogenic
Q9BQB6,I82R,0.7873,pathogenic
Q9BQB6,I82S,0.6537,pathogenic
Q9BQB6,I82T,0.6416,pathogenic
Q9BQB6,I82V,0.0809,benign
Q9BQB6,I82W,0.8237,pathogenic
Q9BQB6,I82Y,0.6494,pathogenic
Q9BQB6,F83A,0.7611,pathogenic
Q9BQB6,F83C,0.793,pathogenic
Q9BQB6,F83D,0.9737,pathogenic
Q9BQB6,F83E,0.9827,pathogenic
Q9BQB6,F83G,0.8682,pathogenic
Q9BQB6,F83H,0.918,pathogenic
Q9BQB6,F83I,0.5741,pathogenic
Q9BQB6,F83K,0.9888,pathogenic
Q9BQB6,F83L,0.8299,pathogenic
Q9BQB6,F83M,0.7946,pathogenic
Q9BQB6,F83N,0.939,pathogenic
Q9BQB6,F83P,0.9553,pathogenic
Q9BQB6,F83Q,0.9699,pathogenic
Q9BQB6,F83R,0.9632,pathogenic
Q9BQB6,F83S,0.7305,pathogenic
Q9BQB6,F83T,0.7881,pathogenic
Q9BQB6,F83V,0.5524,ambiguous
Q9BQB6,F83W,0.5802,pathogenic
Q9BQB6,F83Y,0.2459,benign
Q9BQB6,G84A,0.7027,pathogenic
Q9BQB6,G84C,0.8878,pathogenic
Q9BQB6,G84D,0.969,pathogenic
Q9BQB6,G84E,0.9737,pathogenic
Q9BQB6,G84F,0.9708,pathogenic
Q9BQB6,G84H,0.9817,pathogenic
Q9BQB6,G84I,0.9445,pathogenic
Q9BQB6,G84K,0.9895,pathogenic
Q9BQB6,G84L,0.9502,pathogenic
Q9BQB6,G84M,0.9875,pathogenic
Q9BQB6,G84N,0.9815,pathogenic
Q9BQB6,G84P,0.9498,pathogenic
Q9BQB6,G84Q,0.9711,pathogenic
Q9BQB6,G84R,0.9401,pathogenic
Q9BQB6,G84S,0.6867,pathogenic
Q9BQB6,G84T,0.9163,pathogenic
Q9BQB6,G84V,0.9025,pathogenic
Q9BQB6,G84W,0.9345,pathogenic
Q9BQB6,G84Y,0.9751,pathogenic
Q9BQB6,C85A,0.4214,ambiguous
Q9BQB6,C85D,0.9738,pathogenic
Q9BQB6,C85E,0.9854,pathogenic
Q9BQB6,C85F,0.2365,benign
Q9BQB6,C85G,0.2255,benign
Q9BQB6,C85H,0.9549,pathogenic
Q9BQB6,C85I,0.2662,benign
Q9BQB6,C85K,0.9939,pathogenic
Q9BQB6,C85L,0.2662,benign
Q9BQB6,C85M,0.4631,ambiguous
Q9BQB6,C85N,0.875,pathogenic
Q9BQB6,C85P,0.9736,pathogenic
Q9BQB6,C85Q,0.965,pathogenic
Q9BQB6,C85R,0.9659,pathogenic
Q9BQB6,C85S,0.3775,ambiguous
Q9BQB6,C85T,0.4447,ambiguous
Q9BQB6,C85V,0.2366,benign
Q9BQB6,C85W,0.7397,pathogenic
Q9BQB6,C85Y,0.6735,pathogenic
Q9BQB6,I86A,0.3483,ambiguous
Q9BQB6,I86C,0.5843,pathogenic
Q9BQB6,I86D,0.9667,pathogenic
Q9BQB6,I86E,0.9561,pathogenic
Q9BQB6,I86F,0.1905,benign
Q9BQB6,I86G,0.5574,ambiguous
Q9BQB6,I86H,0.898,pathogenic
Q9BQB6,I86K,0.9398,pathogenic
Q9BQB6,I86L,0.0807,benign
Q9BQB6,I86M,0.1392,benign
Q9BQB6,I86N,0.7377,pathogenic
Q9BQB6,I86P,0.8833,pathogenic
Q9BQB6,I86Q,0.906,pathogenic
Q9BQB6,I86R,0.8874,pathogenic
Q9BQB6,I86S,0.434,ambiguous
Q9BQB6,I86T,0.4712,ambiguous
Q9BQB6,I86V,0.102,benign
Q9BQB6,I86W,0.8563,pathogenic
Q9BQB6,I86Y,0.7221,pathogenic
Q9BQB6,F87A,0.9313,pathogenic
Q9BQB6,F87C,0.8632,pathogenic
Q9BQB6,F87D,0.9893,pathogenic
Q9BQB6,F87E,0.9936,pathogenic
Q9BQB6,F87G,0.9478,pathogenic
Q9BQB6,F87H,0.9384,pathogenic
Q9BQB6,F87I,0.8883,pathogenic
Q9BQB6,F87K,0.9954,pathogenic
Q9BQB6,F87L,0.9797,pathogenic
Q9BQB6,F87M,0.9642,pathogenic
Q9BQB6,F87N,0.9622,pathogenic
Q9BQB6,F87P,0.9908,pathogenic
Q9BQB6,F87Q,0.9849,pathogenic
Q9BQB6,F87R,0.9778,pathogenic
Q9BQB6,F87S,0.8741,pathogenic
Q9BQB6,F87T,0.9411,pathogenic
Q9BQB6,F87V,0.8313,pathogenic
Q9BQB6,F87W,0.821,pathogenic
Q9BQB6,F87Y,0.4929,ambiguous
Q9BQB6,Y88A,0.969,pathogenic
Q9BQB6,Y88C,0.7874,pathogenic
Q9BQB6,Y88D,0.942,pathogenic
Q9BQB6,Y88E,0.9923,pathogenic
Q9BQB6,Y88F,0.2397,benign
Q9BQB6,Y88G,0.9146,pathogenic
Q9BQB6,Y88H,0.906,pathogenic
Q9BQB6,Y88I,0.9613,pathogenic
Q9BQB6,Y88K,0.993,pathogenic
Q9BQB6,Y88L,0.8377,pathogenic
Q9BQB6,Y88M,0.9714,pathogenic
Q9BQB6,Y88N,0.8899,pathogenic
Q9BQB6,Y88P,0.9595,pathogenic
Q9BQB6,Y88Q,0.9881,pathogenic
Q9BQB6,Y88R,0.9736,pathogenic
Q9BQB6,Y88S,0.8569,pathogenic
Q9BQB6,Y88T,0.9645,pathogenic
Q9BQB6,Y88V,0.9167,pathogenic
Q9BQB6,Y88W,0.7731,pathogenic
Q9BQB6,T89A,0.0903,benign
Q9BQB6,T89C,0.282,benign
Q9BQB6,T89D,0.8587,pathogenic
Q9BQB6,T89E,0.8749,pathogenic
Q9BQB6,T89F,0.192,benign
Q9BQB6,T89G,0.1465,benign
Q9BQB6,T89H,0.671,pathogenic
Q9BQB6,T89I,0.1479,benign
Q9BQB6,T89K,0.8762,pathogenic
Q9BQB6,T89L,0.1101,benign
Q9BQB6,T89M,0.107,benign
Q9BQB6,T89N,0.4225,ambiguous
Q9BQB6,T89P,0.3048,benign
Q9BQB6,T89Q,0.7547,pathogenic
Q9BQB6,T89R,0.8074,pathogenic
Q9BQB6,T89S,0.0991,benign
Q9BQB6,T89V,0.139,benign
Q9BQB6,T89W,0.6138,pathogenic
Q9BQB6,T89Y,0.5233,ambiguous
Q9BQB6,L90A,0.1774,benign
Q9BQB6,L90C,0.4548,ambiguous
Q9BQB6,L90D,0.8999,pathogenic
Q9BQB6,L90E,0.5888,pathogenic
Q9BQB6,L90F,0.1267,benign
Q9BQB6,L90G,0.3625,ambiguous
Q9BQB6,L90H,0.5431,ambiguous
Q9BQB6,L90I,0.1047,benign
Q9BQB6,L90K,0.7619,pathogenic
Q9BQB6,L90M,0.1055,benign
Q9BQB6,L90N,0.5545,ambiguous
Q9BQB6,L90P,0.6962,pathogenic
Q9BQB6,L90Q,0.2629,benign
Q9BQB6,L90R,0.6142,pathogenic
Q9BQB6,L90S,0.2057,benign
Q9BQB6,L90T,0.1706,benign
Q9BQB6,L90V,0.087,benign
Q9BQB6,L90W,0.3233,benign
Q9BQB6,L90Y,0.5549,ambiguous
Q9BQB6,Q91A,0.5581,ambiguous
Q9BQB6,Q91C,0.8712,pathogenic
Q9BQB6,Q91D,0.9578,pathogenic
Q9BQB6,Q91E,0.2887,benign
Q9BQB6,Q91F,0.82,pathogenic
Q9BQB6,Q91G,0.6995,pathogenic
Q9BQB6,Q91H,0.7372,pathogenic
Q9BQB6,Q91I,0.5229,ambiguous
Q9BQB6,Q91K,0.8617,pathogenic
Q9BQB6,Q91L,0.2656,benign
Q9BQB6,Q91M,0.4222,ambiguous
Q9BQB6,Q91N,0.6513,pathogenic
Q9BQB6,Q91P,0.5316,ambiguous
Q9BQB6,Q91R,0.8186,pathogenic
Q9BQB6,Q91S,0.4983,ambiguous
Q9BQB6,Q91T,0.5567,ambiguous
Q9BQB6,Q91V,0.402,ambiguous
Q9BQB6,Q91W,0.9304,pathogenic
Q9BQB6,Q91Y,0.8626,pathogenic
Q9BQB6,L92A,0.4523,ambiguous
Q9BQB6,L92C,0.6266,pathogenic
Q9BQB6,L92D,0.9801,pathogenic
Q9BQB6,L92E,0.9423,pathogenic
Q9BQB6,L92F,0.143,benign
Q9BQB6,L92G,0.5875,pathogenic
Q9BQB6,L92H,0.8391,pathogenic
Q9BQB6,L92I,0.1595,benign
Q9BQB6,L92K,0.9449,pathogenic
Q9BQB6,L92M,0.1666,benign
Q9BQB6,L92N,0.8903,pathogenic
Q9BQB6,L92P,0.7973,pathogenic
Q9BQB6,L92Q,0.7983,pathogenic
Q9BQB6,L92R,0.8752,pathogenic
Q9BQB6,L92S,0.7087,pathogenic
Q9BQB6,L92T,0.6015,pathogenic
Q9BQB6,L92V,0.1474,benign
Q9BQB6,L92W,0.3947,ambiguous
Q9BQB6,L92Y,0.5828,pathogenic
Q9BQB6,L93A,0.1723,benign
Q9BQB6,L93C,0.3569,ambiguous
Q9BQB6,L93D,0.9239,pathogenic
Q9BQB6,L93E,0.7681,pathogenic
Q9BQB6,L93F,0.1007,benign
Q9BQB6,L93G,0.237,benign
Q9BQB6,L93H,0.6244,pathogenic
Q9BQB6,L93I,0.132,benign
Q9BQB6,L93K,0.8221,pathogenic
Q9BQB6,L93M,0.1348,benign
Q9BQB6,L93N,0.6979,pathogenic
Q9BQB6,L93P,0.411,ambiguous
Q9BQB6,L93Q,0.4843,ambiguous
Q9BQB6,L93R,0.6866,pathogenic
Q9BQB6,L93S,0.2439,benign
Q9BQB6,L93T,0.2327,benign
Q9BQB6,L93V,0.103,benign
Q9BQB6,L93W,0.2919,benign
Q9BQB6,L93Y,0.4937,ambiguous
Q9BQB6,L94A,0.3481,ambiguous
Q9BQB6,L94C,0.6316,pathogenic
Q9BQB6,L94D,0.9303,pathogenic
Q9BQB6,L94E,0.8016,pathogenic
Q9BQB6,L94F,0.1946,benign
Q9BQB6,L94G,0.5524,ambiguous
Q9BQB6,L94H,0.6801,pathogenic
Q9BQB6,L94I,0.2929,benign
Q9BQB6,L94K,0.8421,pathogenic
Q9BQB6,L94M,0.2325,benign
Q9BQB6,L94N,0.8081,pathogenic
Q9BQB6,L94P,0.5554,ambiguous
Q9BQB6,L94Q,0.5035,ambiguous
Q9BQB6,L94R,0.652,pathogenic
Q9BQB6,L94S,0.4838,ambiguous
Q9BQB6,L94T,0.3808,ambiguous
Q9BQB6,L94V,0.2273,benign
Q9BQB6,L94W,0.3844,ambiguous
Q9BQB6,L94Y,0.6837,pathogenic
Q9BQB6,G95A,0.3455,ambiguous
Q9BQB6,G95C,0.6418,pathogenic
Q9BQB6,G95D,0.754,pathogenic
Q9BQB6,G95E,0.8328,pathogenic
Q9BQB6,G95F,0.8932,pathogenic
Q9BQB6,G95H,0.924,pathogenic
Q9BQB6,G95I,0.7865,pathogenic
Q9BQB6,G95K,0.9771,pathogenic
Q9BQB6,G95L,0.8491,pathogenic
Q9BQB6,G95M,0.9289,pathogenic
Q9BQB6,G95N,0.839,pathogenic
Q9BQB6,G95P,0.9268,pathogenic
Q9BQB6,G95Q,0.9031,pathogenic
Q9BQB6,G95R,0.9276,pathogenic
Q9BQB6,G95S,0.3196,benign
Q9BQB6,G95T,0.6278,pathogenic
Q9BQB6,G95V,0.6176,pathogenic
Q9BQB6,G95W,0.8182,pathogenic
Q9BQB6,G95Y,0.8798,pathogenic
Q9BQB6,C96A,0.2596,benign
Q9BQB6,C96D,0.744,pathogenic
Q9BQB6,C96E,0.8082,pathogenic
Q9BQB6,C96F,0.1094,benign
Q9BQB6,C96G,0.1248,benign
Q9BQB6,C96H,0.5445,ambiguous
Q9BQB6,C96I,0.3302,benign
Q9BQB6,C96K,0.8601,pathogenic
Q9BQB6,C96L,0.2603,benign
Q9BQB6,C96M,0.4326,ambiguous
Q9BQB6,C96N,0.4957,ambiguous
Q9BQB6,C96P,0.7571,pathogenic
Q9BQB6,C96Q,0.615,pathogenic
Q9BQB6,C96R,0.5895,pathogenic
Q9BQB6,C96S,0.1751,benign
Q9BQB6,C96T,0.3123,benign
Q9BQB6,C96V,0.2652,benign
Q9BQB6,C96W,0.3254,benign
Q9BQB6,C96Y,0.2458,benign
Q9BQB6,L97A,0.1947,benign
Q9BQB6,L97C,0.359,ambiguous
Q9BQB6,L97D,0.7199,pathogenic
Q9BQB6,L97E,0.3601,ambiguous
Q9BQB6,L97F,0.0768,benign
Q9BQB6,L97G,0.3448,ambiguous
Q9BQB6,L97H,0.2223,benign
Q9BQB6,L97I,0.1076,benign
Q9BQB6,L97K,0.3177,benign
Q9BQB6,L97M,0.1203,benign
Q9BQB6,L97N,0.4564,ambiguous
Q9BQB6,L97P,0.2825,benign
Q9BQB6,L97Q,0.1373,benign
Q9BQB6,L97R,0.16,benign
Q9BQB6,L97S,0.1974,benign
Q9BQB6,L97T,0.2075,benign
Q9BQB6,L97V,0.0886,benign
Q9BQB6,L97W,0.1171,benign
Q9BQB6,L97Y,0.2743,benign
Q9BQB6,R98A,0.1759,benign
Q9BQB6,R98C,0.1287,benign
Q9BQB6,R98D,0.2188,benign
Q9BQB6,R98E,0.145,benign
Q9BQB6,R98F,0.3281,benign
Q9BQB6,R98G,0.0876,benign
Q9BQB6,R98H,0.0831,benign
Q9BQB6,R98I,0.2656,benign
Q9BQB6,R98K,0.1093,benign
Q9BQB6,R98L,0.154,benign
Q9BQB6,R98M,0.2643,benign
Q9BQB6,R98N,0.2371,benign
Q9BQB6,R98P,0.1027,benign
Q9BQB6,R98Q,0.0714,benign
Q9BQB6,R98S,0.1701,benign
Q9BQB6,R98T,0.1424,benign
Q9BQB6,R98V,0.2421,benign
Q9BQB6,R98W,0.0982,benign
Q9BQB6,R98Y,0.2052,benign
Q9BQB6,T99A,0.07,benign
Q9BQB6,T99C,0.2615,benign
Q9BQB6,T99D,0.172,benign
Q9BQB6,T99E,0.1828,benign
Q9BQB6,T99F,0.166,benign
Q9BQB6,T99G,0.076,benign
Q9BQB6,T99H,0.1408,benign
Q9BQB6,T99I,0.171,benign
Q9BQB6,T99K,0.1793,benign
Q9BQB6,T99L,0.1077,benign
Q9BQB6,T99M,0.1041,benign
Q9BQB6,T99N,0.0867,benign
Q9BQB6,T99P,0.0829,benign
Q9BQB6,T99Q,0.1534,benign
Q9BQB6,T99R,0.1308,benign
Q9BQB6,T99S,0.0673,benign
Q9BQB6,T99V,0.133,benign
Q9BQB6,T99W,0.2406,benign
Q9BQB6,T99Y,0.1688,benign
Q9BQB6,R100A,0.1655,benign
Q9BQB6,R100C,0.1452,benign
Q9BQB6,R100D,0.2585,benign
Q9BQB6,R100E,0.1886,benign
Q9BQB6,R100F,0.2843,benign
Q9BQB6,R100G,0.0951,benign
Q9BQB6,R100H,0.0974,benign
Q9BQB6,R100I,0.2058,benign
Q9BQB6,R100K,0.1247,benign
Q9BQB6,R100L,0.1398,benign
Q9BQB6,R100M,0.2706,benign
Q9BQB6,R100N,0.2648,benign
Q9BQB6,R100P,0.0924,benign
Q9BQB6,R100Q,0.0911,benign
Q9BQB6,R100S,0.1629,benign
Q9BQB6,R100T,0.1414,benign
Q9BQB6,R100V,0.207,benign
Q9BQB6,R100W,0.1133,benign
Q9BQB6,R100Y,0.2149,benign
Q9BQB6,W101A,0.212,benign
Q9BQB6,W101C,0.5342,ambiguous
Q9BQB6,W101D,0.5956,pathogenic
Q9BQB6,W101E,0.5159,ambiguous
Q9BQB6,W101F,0.2295,benign
Q9BQB6,W101G,0.1253,benign
Q9BQB6,W101H,0.5654,pathogenic
Q9BQB6,W101I,0.3645,ambiguous
Q9BQB6,W101K,0.5686,pathogenic
Q9BQB6,W101L,0.1916,benign
Q9BQB6,W101M,0.3798,ambiguous
Q9BQB6,W101N,0.5842,pathogenic
Q9BQB6,W101P,0.3839,ambiguous
Q9BQB6,W101Q,0.5153,ambiguous
Q9BQB6,W101R,0.4465,ambiguous
Q9BQB6,W101S,0.1906,benign
Q9BQB6,W101T,0.2123,benign
Q9BQB6,W101V,0.2732,benign
Q9BQB6,W101Y,0.3838,ambiguous
Q9BQB6,A102C,0.5015,ambiguous
Q9BQB6,A102D,0.4791,ambiguous
Q9BQB6,A102E,0.4489,ambiguous
Q9BQB6,A102F,0.3743,ambiguous
Q9BQB6,A102G,0.1109,benign
Q9BQB6,A102H,0.6224,pathogenic
Q9BQB6,A102I,0.2695,benign
Q9BQB6,A102K,0.6574,pathogenic
Q9BQB6,A102L,0.2317,benign
Q9BQB6,A102M,0.3015,benign
Q9BQB6,A102N,0.4187,ambiguous
Q9BQB6,A102P,0.2212,benign
Q9BQB6,A102Q,0.4968,ambiguous
Q9BQB6,A102R,0.5443,ambiguous
Q9BQB6,A102S,0.1175,benign
Q9BQB6,A102T,0.1325,benign
Q9BQB6,A102V,0.1222,benign
Q9BQB6,A102W,0.6973,pathogenic
Q9BQB6,A102Y,0.5676,pathogenic
Q9BQB6,S103A,0.0693,benign
Q9BQB6,S103C,0.1208,benign
Q9BQB6,S103D,0.3265,benign
Q9BQB6,S103E,0.4342,ambiguous
Q9BQB6,S103F,0.1708,benign
Q9BQB6,S103G,0.092,benign
Q9BQB6,S103H,0.2964,benign
Q9BQB6,S103I,0.2203,benign
Q9BQB6,S103K,0.6027,pathogenic
Q9BQB6,S103L,0.1374,benign
Q9BQB6,S103M,0.2592,benign
Q9BQB6,S103N,0.211,benign
Q9BQB6,S103P,0.1308,benign
Q9BQB6,S103Q,0.433,ambiguous
Q9BQB6,S103R,0.4377,ambiguous
Q9BQB6,S103T,0.0926,benign
Q9BQB6,S103V,0.1578,benign
Q9BQB6,S103W,0.1869,benign
Q9BQB6,S103Y,0.1528,benign
Q9BQB6,V104A,0.0844,benign
Q9BQB6,V104C,0.3919,ambiguous
Q9BQB6,V104D,0.2554,benign
Q9BQB6,V104E,0.2471,benign
Q9BQB6,V104F,0.0704,benign
Q9BQB6,V104G,0.1022,benign
Q9BQB6,V104H,0.298,benign
Q9BQB6,V104I,0.0677,benign
Q9BQB6,V104K,0.2322,benign
Q9BQB6,V104L,0.0738,benign
Q9BQB6,V104M,0.0893,benign
Q9BQB6,V104N,0.1711,benign
Q9BQB6,V104P,0.2008,benign
Q9BQB6,V104Q,0.2311,benign
Q9BQB6,V104R,0.1776,benign
Q9BQB6,V104S,0.1132,benign
Q9BQB6,V104T,0.1118,benign
Q9BQB6,V104W,0.3278,benign
Q9BQB6,V104Y,0.2467,benign
Q9BQB6,L105A,0.1822,benign
Q9BQB6,L105C,0.4346,ambiguous
Q9BQB6,L105D,0.8963,pathogenic
Q9BQB6,L105E,0.7051,pathogenic
Q9BQB6,L105F,0.1054,benign
Q9BQB6,L105G,0.3654,ambiguous
Q9BQB6,L105H,0.5882,pathogenic
Q9BQB6,L105I,0.1213,benign
Q9BQB6,L105K,0.7177,pathogenic
Q9BQB6,L105M,0.1339,benign
Q9BQB6,L105N,0.6812,pathogenic
Q9BQB6,L105P,0.3274,benign
Q9BQB6,L105Q,0.4158,ambiguous
Q9BQB6,L105R,0.5368,ambiguous
Q9BQB6,L105S,0.2906,benign
Q9BQB6,L105T,0.2297,benign
Q9BQB6,L105V,0.0911,benign
Q9BQB6,L105W,0.2596,benign
Q9BQB6,L105Y,0.5461,ambiguous
Q9BQB6,M106A,0.2925,benign
Q9BQB6,M106C,0.5052,ambiguous
Q9BQB6,M106D,0.8185,pathogenic
Q9BQB6,M106E,0.4286,ambiguous
Q9BQB6,M106F,0.2904,benign
Q9BQB6,M106G,0.4074,ambiguous
Q9BQB6,M106H,0.399,ambiguous
Q9BQB6,M106I,0.2448,benign
Q9BQB6,M106K,0.3116,benign
Q9BQB6,M106L,0.0421,benign
Q9BQB6,M106N,0.4603,ambiguous
Q9BQB6,M106P,0.477,ambiguous
Q9BQB6,M106Q,0.1588,benign
Q9BQB6,M106R,0.2364,benign
Q9BQB6,M106S,0.334,benign
Q9BQB6,M106T,0.2181,benign
Q9BQB6,M106V,0.0937,benign
Q9BQB6,M106W,0.384,ambiguous
Q9BQB6,M106Y,0.5113,ambiguous
Q9BQB6,L107A,0.2126,benign
Q9BQB6,L107C,0.448,ambiguous
Q9BQB6,L107D,0.7829,pathogenic
Q9BQB6,L107E,0.5514,ambiguous
Q9BQB6,L107F,0.1289,benign
Q9BQB6,L107G,0.3269,benign
Q9BQB6,L107H,0.3503,ambiguous
Q9BQB6,L107I,0.0998,benign
Q9BQB6,L107K,0.4093,ambiguous
Q9BQB6,L107M,0.1198,benign
Q9BQB6,L107N,0.4623,ambiguous
Q9BQB6,L107P,0.3268,benign
Q9BQB6,L107Q,0.2598,benign
Q9BQB6,L107R,0.243,benign
Q9BQB6,L107S,0.3385,benign
Q9BQB6,L107T,0.2294,benign
Q9BQB6,L107V,0.0751,benign
Q9BQB6,L107W,0.2195,benign
Q9BQB6,L107Y,0.3547,ambiguous
Q9BQB6,L108A,0.1692,benign
Q9BQB6,L108C,0.3045,benign
Q9BQB6,L108D,0.8679,pathogenic
Q9BQB6,L108E,0.6811,pathogenic
Q9BQB6,L108F,0.0819,benign
Q9BQB6,L108G,0.238,benign
Q9BQB6,L108H,0.5039,ambiguous
Q9BQB6,L108I,0.114,benign
Q9BQB6,L108K,0.7111,pathogenic
Q9BQB6,L108M,0.1307,benign
Q9BQB6,L108N,0.6155,pathogenic
Q9BQB6,L108P,0.3284,benign
Q9BQB6,L108Q,0.4104,ambiguous
Q9BQB6,L108R,0.5229,ambiguous
Q9BQB6,L108S,0.2343,benign
Q9BQB6,L108T,0.2077,benign
Q9BQB6,L108V,0.0909,benign
Q9BQB6,L108W,0.2044,benign
Q9BQB6,L108Y,0.4038,ambiguous
Q9BQB6,S109A,0.1316,benign
Q9BQB6,S109C,0.1212,benign
Q9BQB6,S109D,0.9237,pathogenic
Q9BQB6,S109E,0.9465,pathogenic
Q9BQB6,S109F,0.3433,ambiguous
Q9BQB6,S109G,0.1398,benign
Q9BQB6,S109H,0.818,pathogenic
Q9BQB6,S109I,0.4913,ambiguous
Q9BQB6,S109K,0.9862,pathogenic
Q9BQB6,S109L,0.1974,benign
Q9BQB6,S109M,0.3265,benign
Q9BQB6,S109N,0.6613,pathogenic
Q9BQB6,S109P,0.508,ambiguous
Q9BQB6,S109Q,0.8883,pathogenic
Q9BQB6,S109R,0.9681,pathogenic
Q9BQB6,S109T,0.099,benign
Q9BQB6,S109V,0.3873,ambiguous
Q9BQB6,S109W,0.4742,ambiguous
Q9BQB6,S109Y,0.5403,ambiguous
Q9BQB6,S110A,0.143,benign
Q9BQB6,S110C,0.1735,benign
Q9BQB6,S110D,0.9583,pathogenic
Q9BQB6,S110E,0.9709,pathogenic
Q9BQB6,S110F,0.7768,pathogenic
Q9BQB6,S110G,0.2184,benign
Q9BQB6,S110H,0.9213,pathogenic
Q9BQB6,S110I,0.7297,pathogenic
Q9BQB6,S110K,0.9949,pathogenic
Q9BQB6,S110L,0.5201,ambiguous
Q9BQB6,S110M,0.7201,pathogenic
Q9BQB6,S110N,0.8242,pathogenic
Q9BQB6,S110P,0.7029,pathogenic
Q9BQB6,S110Q,0.952,pathogenic
Q9BQB6,S110R,0.9858,pathogenic
Q9BQB6,S110T,0.2603,benign
Q9BQB6,S110V,0.562,ambiguous
Q9BQB6,S110W,0.8619,pathogenic
Q9BQB6,S110Y,0.8241,pathogenic
Q9BQB6,L111A,0.1187,benign
Q9BQB6,L111C,0.3328,benign
Q9BQB6,L111D,0.8896,pathogenic
Q9BQB6,L111E,0.6638,pathogenic
Q9BQB6,L111F,0.0899,benign
Q9BQB6,L111G,0.2922,benign
Q9BQB6,L111H,0.5627,ambiguous
Q9BQB6,L111I,0.0986,benign
Q9BQB6,L111K,0.7059,pathogenic
Q9BQB6,L111M,0.1058,benign
Q9BQB6,L111N,0.6819,pathogenic
Q9BQB6,L111P,0.3465,ambiguous
Q9BQB6,L111Q,0.4209,ambiguous
Q9BQB6,L111R,0.5426,ambiguous
Q9BQB6,L111S,0.2123,benign
Q9BQB6,L111T,0.1595,benign
Q9BQB6,L111V,0.0675,benign
Q9BQB6,L111W,0.2347,benign
Q9BQB6,L111Y,0.471,ambiguous
Q9BQB6,V112A,0.1242,benign
Q9BQB6,V112C,0.5549,ambiguous
Q9BQB6,V112D,0.8311,pathogenic
Q9BQB6,V112E,0.7553,pathogenic
Q9BQB6,V112F,0.1321,benign
Q9BQB6,V112G,0.1594,benign
Q9BQB6,V112H,0.8512,pathogenic
Q9BQB6,V112I,0.1008,benign
Q9BQB6,V112K,0.8534,pathogenic
Q9BQB6,V112L,0.0834,benign
Q9BQB6,V112M,0.1298,benign
Q9BQB6,V112N,0.6895,pathogenic
Q9BQB6,V112P,0.4961,ambiguous
Q9BQB6,V112Q,0.6589,pathogenic
Q9BQB6,V112R,0.7754,pathogenic
Q9BQB6,V112S,0.2743,benign
Q9BQB6,V112T,0.2194,benign
Q9BQB6,V112W,0.71,pathogenic
Q9BQB6,V112Y,0.7136,pathogenic
Q9BQB6,S113A,0.1659,benign
Q9BQB6,S113C,0.2947,benign
Q9BQB6,S113D,0.9833,pathogenic
Q9BQB6,S113E,0.9811,pathogenic
Q9BQB6,S113F,0.7442,pathogenic
Q9BQB6,S113G,0.3019,benign
Q9BQB6,S113H,0.9488,pathogenic
Q9BQB6,S113I,0.8739,pathogenic
Q9BQB6,S113K,0.9967,pathogenic
Q9BQB6,S113L,0.5893,pathogenic
Q9BQB6,S113M,0.7601,pathogenic
Q9BQB6,S113N,0.9253,pathogenic
Q9BQB6,S113P,0.7002,pathogenic
Q9BQB6,S113Q,0.9614,pathogenic
Q9BQB6,S113R,0.9906,pathogenic
Q9BQB6,S113T,0.4869,ambiguous
Q9BQB6,S113V,0.7837,pathogenic
Q9BQB6,S113W,0.8047,pathogenic
Q9BQB6,S113Y,0.8198,pathogenic
Q9BQB6,L114A,0.2621,benign
Q9BQB6,L114C,0.5111,ambiguous
Q9BQB6,L114D,0.956,pathogenic
Q9BQB6,L114E,0.8543,pathogenic
Q9BQB6,L114F,0.1442,benign
Q9BQB6,L114G,0.6024,pathogenic
Q9BQB6,L114H,0.7444,pathogenic
Q9BQB6,L114I,0.1149,benign
Q9BQB6,L114K,0.91,pathogenic
Q9BQB6,L114M,0.1357,benign
Q9BQB6,L114N,0.7513,pathogenic
Q9BQB6,L114P,0.775,pathogenic
Q9BQB6,L114Q,0.6177,pathogenic
Q9BQB6,L114R,0.7942,pathogenic
Q9BQB6,L114S,0.4384,ambiguous
Q9BQB6,L114T,0.3121,benign
Q9BQB6,L114V,0.0857,benign
Q9BQB6,L114W,0.4572,ambiguous
Q9BQB6,L114Y,0.7092,pathogenic
Q9BQB6,A115C,0.3044,benign
Q9BQB6,A115D,0.8137,pathogenic
Q9BQB6,A115E,0.7881,pathogenic
Q9BQB6,A115F,0.2036,benign
Q9BQB6,A115G,0.1266,benign
Q9BQB6,A115H,0.844,pathogenic
Q9BQB6,A115I,0.1452,benign
Q9BQB6,A115K,0.8919,pathogenic
Q9BQB6,A115L,0.1057,benign
Q9BQB6,A115M,0.1488,benign
Q9BQB6,A115N,0.6984,pathogenic
Q9BQB6,A115P,0.5077,ambiguous
Q9BQB6,A115Q,0.7486,pathogenic
Q9BQB6,A115R,0.8281,pathogenic
Q9BQB6,A115S,0.1603,benign
Q9BQB6,A115T,0.0932,benign
Q9BQB6,A115V,0.0793,benign
Q9BQB6,A115W,0.6732,pathogenic
Q9BQB6,A115Y,0.6689,pathogenic
Q9BQB6,G116A,0.2071,benign
Q9BQB6,G116C,0.3962,ambiguous
Q9BQB6,G116D,0.9392,pathogenic
Q9BQB6,G116E,0.9373,pathogenic
Q9BQB6,G116F,0.748,pathogenic
Q9BQB6,G116H,0.9648,pathogenic
Q9BQB6,G116I,0.5885,pathogenic
Q9BQB6,G116K,0.9832,pathogenic
Q9BQB6,G116L,0.6309,pathogenic
Q9BQB6,G116M,0.7003,pathogenic
Q9BQB6,G116N,0.929,pathogenic
Q9BQB6,G116P,0.9635,pathogenic
Q9BQB6,G116Q,0.9273,pathogenic
Q9BQB6,G116R,0.9417,pathogenic
Q9BQB6,G116S,0.2561,benign
Q9BQB6,G116T,0.4518,ambiguous
Q9BQB6,G116V,0.3965,ambiguous
Q9BQB6,G116W,0.7913,pathogenic
Q9BQB6,G116Y,0.9061,pathogenic
Q9BQB6,S117A,0.3371,benign
Q9BQB6,S117C,0.185,benign
Q9BQB6,S117D,0.9642,pathogenic
Q9BQB6,S117E,0.9769,pathogenic
Q9BQB6,S117F,0.9011,pathogenic
Q9BQB6,S117G,0.4182,ambiguous
Q9BQB6,S117H,0.9516,pathogenic
Q9BQB6,S117I,0.8472,pathogenic
Q9BQB6,S117K,0.9952,pathogenic
Q9BQB6,S117L,0.6712,pathogenic
Q9BQB6,S117M,0.723,pathogenic
Q9BQB6,S117N,0.8355,pathogenic
Q9BQB6,S117P,0.9023,pathogenic
Q9BQB6,S117Q,0.9722,pathogenic
Q9BQB6,S117R,0.9899,pathogenic
Q9BQB6,S117T,0.261,benign
Q9BQB6,S117V,0.7562,pathogenic
Q9BQB6,S117W,0.8907,pathogenic
Q9BQB6,S117Y,0.8918,pathogenic
Q9BQB6,V118A,0.1598,benign
Q9BQB6,V118C,0.4737,ambiguous
Q9BQB6,V118D,0.8992,pathogenic
Q9BQB6,V118E,0.8694,pathogenic
Q9BQB6,V118F,0.1408,benign
Q9BQB6,V118G,0.2182,benign
Q9BQB6,V118H,0.9038,pathogenic
Q9BQB6,V118I,0.0746,benign
Q9BQB6,V118K,0.9086,pathogenic
Q9BQB6,V118L,0.1072,benign
Q9BQB6,V118M,0.1386,benign
Q9BQB6,V118N,0.7341,pathogenic
Q9BQB6,V118P,0.7568,pathogenic
Q9BQB6,V118Q,0.8109,pathogenic
Q9BQB6,V118R,0.8289,pathogenic
Q9BQB6,V118S,0.3731,ambiguous
Q9BQB6,V118T,0.2798,benign
Q9BQB6,V118W,0.7883,pathogenic
Q9BQB6,V118Y,0.7356,pathogenic
Q9BQB6,Y119A,0.8987,pathogenic
Q9BQB6,Y119C,0.5632,ambiguous
Q9BQB6,Y119D,0.9617,pathogenic
Q9BQB6,Y119E,0.9878,pathogenic
Q9BQB6,Y119F,0.1555,benign
Q9BQB6,Y119G,0.7998,pathogenic
Q9BQB6,Y119H,0.8525,pathogenic
Q9BQB6,Y119I,0.8578,pathogenic
Q9BQB6,Y119K,0.9911,pathogenic
Q9BQB6,Y119L,0.674,pathogenic
Q9BQB6,Y119M,0.908,pathogenic
Q9BQB6,Y119N,0.8856,pathogenic
Q9BQB6,Y119P,0.936,pathogenic
Q9BQB6,Y119Q,0.9723,pathogenic
Q9BQB6,Y119R,0.969,pathogenic
Q9BQB6,Y119S,0.7057,pathogenic
Q9BQB6,Y119T,0.9087,pathogenic
Q9BQB6,Y119V,0.7684,pathogenic
Q9BQB6,Y119W,0.4193,ambiguous
Q9BQB6,L120A,0.9189,pathogenic
Q9BQB6,L120C,0.9578,pathogenic
Q9BQB6,L120D,0.9932,pathogenic
Q9BQB6,L120E,0.9638,pathogenic
Q9BQB6,L120F,0.7208,pathogenic
Q9BQB6,L120G,0.9472,pathogenic
Q9BQB6,L120H,0.933,pathogenic
Q9BQB6,L120I,0.7581,pathogenic
Q9BQB6,L120K,0.9065,pathogenic
Q9BQB6,L120M,0.6751,pathogenic
Q9BQB6,L120N,0.9799,pathogenic
Q9BQB6,L120P,0.9327,pathogenic
Q9BQB6,L120Q,0.9055,pathogenic
Q9BQB6,L120R,0.7646,pathogenic
Q9BQB6,L120S,0.9732,pathogenic
Q9BQB6,L120T,0.9404,pathogenic
Q9BQB6,L120V,0.7442,pathogenic
Q9BQB6,L120W,0.8839,pathogenic
Q9BQB6,L120Y,0.9592,pathogenic
Q9BQB6,A121C,0.7085,pathogenic
Q9BQB6,A121D,0.9344,pathogenic
Q9BQB6,A121E,0.9457,pathogenic
Q9BQB6,A121F,0.5643,pathogenic
Q9BQB6,A121G,0.1333,benign
Q9BQB6,A121H,0.9519,pathogenic
Q9BQB6,A121I,0.7952,pathogenic
Q9BQB6,A121K,0.9788,pathogenic
Q9BQB6,A121L,0.4539,ambiguous
Q9BQB6,A121M,0.6416,pathogenic
Q9BQB6,A121N,0.9099,pathogenic
Q9BQB6,A121P,0.8422,pathogenic
Q9BQB6,A121Q,0.9014,pathogenic
Q9BQB6,A121R,0.9254,pathogenic
Q9BQB6,A121S,0.2063,benign
Q9BQB6,A121T,0.5032,ambiguous
Q9BQB6,A121V,0.5811,pathogenic
Q9BQB6,A121W,0.8955,pathogenic
Q9BQB6,A121Y,0.8844,pathogenic
Q9BQB6,W122A,0.3559,ambiguous
Q9BQB6,W122C,0.4414,ambiguous
Q9BQB6,W122D,0.959,pathogenic
Q9BQB6,W122E,0.9392,pathogenic
Q9BQB6,W122F,0.2093,benign
Q9BQB6,W122G,0.1764,benign
Q9BQB6,W122H,0.8861,pathogenic
Q9BQB6,W122I,0.615,pathogenic
Q9BQB6,W122K,0.967,pathogenic
Q9BQB6,W122L,0.3145,benign
Q9BQB6,W122M,0.6104,pathogenic
Q9BQB6,W122N,0.8911,pathogenic
Q9BQB6,W122P,0.9568,pathogenic
Q9BQB6,W122Q,0.9131,pathogenic
Q9BQB6,W122R,0.897,pathogenic
Q9BQB6,W122S,0.257,benign
Q9BQB6,W122T,0.4189,ambiguous
Q9BQB6,W122V,0.423,ambiguous
Q9BQB6,W122Y,0.3524,ambiguous
Q9BQB6,I123A,0.883,pathogenic
Q9BQB6,I123C,0.8793,pathogenic
Q9BQB6,I123D,0.9658,pathogenic
Q9BQB6,I123E,0.9384,pathogenic
Q9BQB6,I123F,0.6804,pathogenic
Q9BQB6,I123G,0.9424,pathogenic
Q9BQB6,I123H,0.9218,pathogenic
Q9BQB6,I123K,0.89,pathogenic
Q9BQB6,I123L,0.273,benign
Q9BQB6,I123M,0.3809,ambiguous
Q9BQB6,I123N,0.6552,pathogenic
Q9BQB6,I123P,0.9216,pathogenic
Q9BQB6,I123Q,0.8897,pathogenic
Q9BQB6,I123R,0.8625,pathogenic
Q9BQB6,I123S,0.8014,pathogenic
Q9BQB6,I123T,0.8639,pathogenic
Q9BQB6,I123V,0.1981,benign
Q9BQB6,I123W,0.941,pathogenic
Q9BQB6,I123Y,0.8658,pathogenic
Q9BQB6,L124A,0.8975,pathogenic
Q9BQB6,L124C,0.937,pathogenic
Q9BQB6,L124D,0.992,pathogenic
Q9BQB6,L124E,0.9765,pathogenic
Q9BQB6,L124F,0.8399,pathogenic
Q9BQB6,L124G,0.9455,pathogenic
Q9BQB6,L124H,0.9307,pathogenic
Q9BQB6,L124I,0.6687,pathogenic
Q9BQB6,L124K,0.964,pathogenic
Q9BQB6,L124M,0.735,pathogenic
Q9BQB6,L124N,0.9523,pathogenic
Q9BQB6,L124P,0.9399,pathogenic
Q9BQB6,L124Q,0.9208,pathogenic
Q9BQB6,L124R,0.8777,pathogenic
Q9BQB6,L124S,0.9035,pathogenic
Q9BQB6,L124T,0.9059,pathogenic
Q9BQB6,L124V,0.6855,pathogenic
Q9BQB6,L124W,0.9267,pathogenic
Q9BQB6,L124Y,0.9651,pathogenic
Q9BQB6,F125A,0.6031,pathogenic
Q9BQB6,F125C,0.3953,ambiguous
Q9BQB6,F125D,0.9769,pathogenic
Q9BQB6,F125E,0.9769,pathogenic
Q9BQB6,F125G,0.8237,pathogenic
Q9BQB6,F125H,0.8999,pathogenic
Q9BQB6,F125I,0.2753,benign
Q9BQB6,F125K,0.974,pathogenic
Q9BQB6,F125L,0.7717,pathogenic
Q9BQB6,F125M,0.6805,pathogenic
Q9BQB6,F125N,0.9215,pathogenic
Q9BQB6,F125P,0.9711,pathogenic
Q9BQB6,F125Q,0.9511,pathogenic
Q9BQB6,F125R,0.9264,pathogenic
Q9BQB6,F125S,0.6372,pathogenic
Q9BQB6,F125T,0.7533,pathogenic
Q9BQB6,F125V,0.2309,benign
Q9BQB6,F125W,0.6531,pathogenic
Q9BQB6,F125Y,0.2398,benign
Q9BQB6,F126A,0.5602,ambiguous
Q9BQB6,F126C,0.4999,ambiguous
Q9BQB6,F126D,0.9558,pathogenic
Q9BQB6,F126E,0.953,pathogenic
Q9BQB6,F126G,0.7934,pathogenic
Q9BQB6,F126H,0.7625,pathogenic
Q9BQB6,F126I,0.5096,ambiguous
Q9BQB6,F126K,0.9394,pathogenic
Q9BQB6,F126L,0.8922,pathogenic
Q9BQB6,F126M,0.7946,pathogenic
Q9BQB6,F126N,0.8966,pathogenic
Q9BQB6,F126P,0.9635,pathogenic
Q9BQB6,F126Q,0.8787,pathogenic
Q9BQB6,F126R,0.7985,pathogenic
Q9BQB6,F126S,0.5247,ambiguous
Q9BQB6,F126T,0.6949,pathogenic
Q9BQB6,F126V,0.3573,ambiguous
Q9BQB6,F126W,0.5442,ambiguous
Q9BQB6,F126Y,0.3327,benign
Q9BQB6,V127A,0.4995,ambiguous
Q9BQB6,V127C,0.8909,pathogenic
Q9BQB6,V127D,0.7284,pathogenic
Q9BQB6,V127E,0.5227,ambiguous
Q9BQB6,V127F,0.2642,benign
Q9BQB6,V127G,0.4589,ambiguous
Q9BQB6,V127H,0.7133,pathogenic
Q9BQB6,V127I,0.0864,benign
Q9BQB6,V127K,0.4975,ambiguous
Q9BQB6,V127L,0.386,ambiguous
Q9BQB6,V127M,0.3759,ambiguous
Q9BQB6,V127N,0.716,pathogenic
Q9BQB6,V127P,0.8008,pathogenic
Q9BQB6,V127Q,0.4444,ambiguous
Q9BQB6,V127R,0.4391,ambiguous
Q9BQB6,V127S,0.5427,ambiguous
Q9BQB6,V127T,0.5235,ambiguous
Q9BQB6,V127W,0.8792,pathogenic
Q9BQB6,V127Y,0.7292,pathogenic
Q9BQB6,L128A,0.8892,pathogenic
Q9BQB6,L128C,0.9336,pathogenic
Q9BQB6,L128D,0.982,pathogenic
Q9BQB6,L128E,0.9132,pathogenic
Q9BQB6,L128F,0.6221,pathogenic
Q9BQB6,L128G,0.9465,pathogenic
Q9BQB6,L128H,0.8419,pathogenic
Q9BQB6,L128I,0.4163,ambiguous
Q9BQB6,L128K,0.842,pathogenic
Q9BQB6,L128M,0.548,ambiguous
Q9BQB6,L128N,0.9475,pathogenic
Q9BQB6,L128P,0.8396,pathogenic
Q9BQB6,L128Q,0.7479,pathogenic
Q9BQB6,L128R,0.6038,pathogenic
Q9BQB6,L128S,0.9526,pathogenic
Q9BQB6,L128T,0.9122,pathogenic
Q9BQB6,L128V,0.5386,ambiguous
Q9BQB6,L128W,0.7722,pathogenic
Q9BQB6,L128Y,0.9094,pathogenic
Q9BQB6,Y129A,0.513,ambiguous
Q9BQB6,Y129C,0.2027,benign
Q9BQB6,Y129D,0.2387,benign
Q9BQB6,Y129E,0.4246,ambiguous
Q9BQB6,Y129F,0.1737,benign
Q9BQB6,Y129G,0.2544,benign
Q9BQB6,Y129H,0.0901,benign
Q9BQB6,Y129I,0.8116,pathogenic
Q9BQB6,Y129K,0.3202,benign
Q9BQB6,Y129L,0.5929,pathogenic
Q9BQB6,Y129M,0.7706,pathogenic
Q9BQB6,Y129N,0.176,benign
Q9BQB6,Y129P,0.7492,pathogenic
Q9BQB6,Y129Q,0.269,benign
Q9BQB6,Y129R,0.1706,benign
Q9BQB6,Y129S,0.2165,benign
Q9BQB6,Y129T,0.6008,pathogenic
Q9BQB6,Y129V,0.6346,pathogenic
Q9BQB6,Y129W,0.3313,benign
Q9BQB6,D130A,0.8865,pathogenic
Q9BQB6,D130C,0.9803,pathogenic
Q9BQB6,D130E,0.8492,pathogenic
Q9BQB6,D130F,0.9807,pathogenic
Q9BQB6,D130G,0.8805,pathogenic
Q9BQB6,D130H,0.8846,pathogenic
Q9BQB6,D130I,0.9566,pathogenic
Q9BQB6,D130K,0.9659,pathogenic
Q9BQB6,D130L,0.9614,pathogenic
Q9BQB6,D130M,0.9941,pathogenic
Q9BQB6,D130N,0.6049,pathogenic
Q9BQB6,D130P,0.9768,pathogenic
Q9BQB6,D130Q,0.9434,pathogenic
Q9BQB6,D130R,0.911,pathogenic
Q9BQB6,D130S,0.7052,pathogenic
Q9BQB6,D130T,0.9149,pathogenic
Q9BQB6,D130V,0.893,pathogenic
Q9BQB6,D130W,0.9902,pathogenic
Q9BQB6,D130Y,0.8298,pathogenic
Q9BQB6,F131A,0.5998,pathogenic
Q9BQB6,F131C,0.3966,ambiguous
Q9BQB6,F131D,0.9726,pathogenic
Q9BQB6,F131E,0.9819,pathogenic
Q9BQB6,F131G,0.8129,pathogenic
Q9BQB6,F131H,0.9342,pathogenic
Q9BQB6,F131I,0.211,benign
Q9BQB6,F131K,0.9827,pathogenic
Q9BQB6,F131L,0.678,pathogenic
Q9BQB6,F131M,0.5725,pathogenic
Q9BQB6,F131N,0.9322,pathogenic
Q9BQB6,F131P,0.9782,pathogenic
Q9BQB6,F131Q,0.9618,pathogenic
Q9BQB6,F131R,0.9376,pathogenic
Q9BQB6,F131S,0.6589,pathogenic
Q9BQB6,F131T,0.6441,pathogenic
Q9BQB6,F131V,0.1786,benign
Q9BQB6,F131W,0.7383,pathogenic
Q9BQB6,F131Y,0.4968,ambiguous
Q9BQB6,C132A,0.9762,pathogenic
Q9BQB6,C132D,0.9886,pathogenic
Q9BQB6,C132E,0.9969,pathogenic
Q9BQB6,C132F,0.9327,pathogenic
Q9BQB6,C132G,0.9162,pathogenic
Q9BQB6,C132H,0.9786,pathogenic
Q9BQB6,C132I,0.988,pathogenic
Q9BQB6,C132K,0.9979,pathogenic
Q9BQB6,C132L,0.9483,pathogenic
Q9BQB6,C132M,0.9916,pathogenic
Q9BQB6,C132N,0.9903,pathogenic
Q9BQB6,C132P,0.9873,pathogenic
Q9BQB6,C132Q,0.9897,pathogenic
Q9BQB6,C132R,0.9569,pathogenic
Q9BQB6,C132S,0.9497,pathogenic
Q9BQB6,C132T,0.9866,pathogenic
Q9BQB6,C132V,0.9772,pathogenic
Q9BQB6,C132W,0.9619,pathogenic
Q9BQB6,C132Y,0.9773,pathogenic
Q9BQB6,I133A,0.3926,ambiguous
Q9BQB6,I133C,0.7437,pathogenic
Q9BQB6,I133D,0.9825,pathogenic
Q9BQB6,I133E,0.9687,pathogenic
Q9BQB6,I133F,0.1099,benign
Q9BQB6,I133G,0.7745,pathogenic
Q9BQB6,I133H,0.9457,pathogenic
Q9BQB6,I133K,0.9496,pathogenic
Q9BQB6,I133L,0.1026,benign
Q9BQB6,I133M,0.1332,benign
Q9BQB6,I133N,0.8977,pathogenic
Q9BQB6,I133P,0.7052,pathogenic
Q9BQB6,I133Q,0.9375,pathogenic
Q9BQB6,I133R,0.9015,pathogenic
Q9BQB6,I133S,0.7018,pathogenic
Q9BQB6,I133T,0.4874,ambiguous
Q9BQB6,I133V,0.0805,benign
Q9BQB6,I133W,0.8112,pathogenic
Q9BQB6,I133Y,0.753,pathogenic
Q9BQB6,V134A,0.7664,pathogenic
Q9BQB6,V134C,0.9538,pathogenic
Q9BQB6,V134D,0.9571,pathogenic
Q9BQB6,V134E,0.9447,pathogenic
Q9BQB6,V134F,0.5977,pathogenic
Q9BQB6,V134G,0.7736,pathogenic
Q9BQB6,V134H,0.9757,pathogenic
Q9BQB6,V134I,0.0959,benign
Q9BQB6,V134K,0.9583,pathogenic
Q9BQB6,V134L,0.4044,ambiguous
Q9BQB6,V134M,0.6978,pathogenic
Q9BQB6,V134N,0.9433,pathogenic
Q9BQB6,V134P,0.7712,pathogenic
Q9BQB6,V134Q,0.9408,pathogenic
Q9BQB6,V134R,0.9024,pathogenic
Q9BQB6,V134S,0.864,pathogenic
Q9BQB6,V134T,0.793,pathogenic
Q9BQB6,V134W,0.9724,pathogenic
Q9BQB6,V134Y,0.9456,pathogenic
Q9BQB6,C135A,0.9334,pathogenic
Q9BQB6,C135D,0.9707,pathogenic
Q9BQB6,C135E,0.991,pathogenic
Q9BQB6,C135F,0.8707,pathogenic
Q9BQB6,C135G,0.8207,pathogenic
Q9BQB6,C135H,0.981,pathogenic
Q9BQB6,C135I,0.9746,pathogenic
Q9BQB6,C135K,0.9961,pathogenic
Q9BQB6,C135L,0.9136,pathogenic
Q9BQB6,C135M,0.9681,pathogenic
Q9BQB6,C135N,0.9738,pathogenic
Q9BQB6,C135P,0.9812,pathogenic
Q9BQB6,C135Q,0.9858,pathogenic
Q9BQB6,C135R,0.9559,pathogenic
Q9BQB6,C135S,0.8989,pathogenic
Q9BQB6,C135T,0.9682,pathogenic
Q9BQB6,C135V,0.943,pathogenic
Q9BQB6,C135W,0.9407,pathogenic
Q9BQB6,C135Y,0.9524,pathogenic
Q9BQB6,I136A,0.6155,pathogenic
Q9BQB6,I136C,0.754,pathogenic
Q9BQB6,I136D,0.9869,pathogenic
Q9BQB6,I136E,0.9782,pathogenic
Q9BQB6,I136F,0.2711,benign
Q9BQB6,I136G,0.8644,pathogenic
Q9BQB6,I136H,0.9595,pathogenic
Q9BQB6,I136K,0.9628,pathogenic
Q9BQB6,I136L,0.1303,benign
Q9BQB6,I136M,0.1953,benign
Q9BQB6,I136N,0.8656,pathogenic
Q9BQB6,I136P,0.9357,pathogenic
Q9BQB6,I136Q,0.9568,pathogenic
Q9BQB6,I136R,0.9375,pathogenic
Q9BQB6,I136S,0.7234,pathogenic
Q9BQB6,I136T,0.6855,pathogenic
Q9BQB6,I136V,0.0877,benign
Q9BQB6,I136W,0.9307,pathogenic
Q9BQB6,I136Y,0.8622,pathogenic
Q9BQB6,T137A,0.1085,benign
Q9BQB6,T137C,0.5127,ambiguous
Q9BQB6,T137D,0.96,pathogenic
Q9BQB6,T137E,0.9529,pathogenic
Q9BQB6,T137F,0.4663,ambiguous
Q9BQB6,T137G,0.3329,benign
Q9BQB6,T137H,0.8499,pathogenic
Q9BQB6,T137I,0.45,ambiguous
Q9BQB6,T137K,0.9233,pathogenic
Q9BQB6,T137L,0.2407,benign
Q9BQB6,T137M,0.1648,benign
Q9BQB6,T137N,0.7218,pathogenic
Q9BQB6,T137P,0.5025,ambiguous
Q9BQB6,T137Q,0.8542,pathogenic
Q9BQB6,T137R,0.872,pathogenic
Q9BQB6,T137S,0.1656,benign
Q9BQB6,T137V,0.3209,benign
Q9BQB6,T137W,0.8655,pathogenic
Q9BQB6,T137Y,0.8289,pathogenic
Q9BQB6,T138A,0.3039,benign
Q9BQB6,T138C,0.8506,pathogenic
Q9BQB6,T138D,0.9572,pathogenic
Q9BQB6,T138E,0.9531,pathogenic
Q9BQB6,T138F,0.841,pathogenic
Q9BQB6,T138G,0.6748,pathogenic
Q9BQB6,T138H,0.9037,pathogenic
Q9BQB6,T138I,0.562,ambiguous
Q9BQB6,T138K,0.9196,pathogenic
Q9BQB6,T138L,0.3579,ambiguous
Q9BQB6,T138M,0.2683,benign
Q9BQB6,T138N,0.7167,pathogenic
Q9BQB6,T138P,0.5937,pathogenic
Q9BQB6,T138Q,0.869,pathogenic
Q9BQB6,T138R,0.8818,pathogenic
Q9BQB6,T138S,0.4057,ambiguous
Q9BQB6,T138V,0.4642,ambiguous
Q9BQB6,T138W,0.9599,pathogenic
Q9BQB6,T138Y,0.9232,pathogenic
Q9BQB6,Y139A,0.923,pathogenic
Q9BQB6,Y139C,0.699,pathogenic
Q9BQB6,Y139D,0.8857,pathogenic
Q9BQB6,Y139E,0.9839,pathogenic
Q9BQB6,Y139F,0.4366,ambiguous
Q9BQB6,Y139G,0.8803,pathogenic
Q9BQB6,Y139H,0.8433,pathogenic
Q9BQB6,Y139I,0.9388,pathogenic
Q9BQB6,Y139K,0.9898,pathogenic
Q9BQB6,Y139L,0.8263,pathogenic
Q9BQB6,Y139M,0.9409,pathogenic
Q9BQB6,Y139N,0.7965,pathogenic
Q9BQB6,Y139P,0.9697,pathogenic
Q9BQB6,Y139Q,0.9818,pathogenic
Q9BQB6,Y139R,0.9651,pathogenic
Q9BQB6,Y139S,0.7206,pathogenic
Q9BQB6,Y139T,0.916,pathogenic
Q9BQB6,Y139V,0.8323,pathogenic
Q9BQB6,Y139W,0.625,pathogenic
Q9BQB6,A140C,0.358,ambiguous
Q9BQB6,A140D,0.9247,pathogenic
Q9BQB6,A140E,0.9215,pathogenic
Q9BQB6,A140F,0.2217,benign
Q9BQB6,A140G,0.146,benign
Q9BQB6,A140H,0.9259,pathogenic
Q9BQB6,A140I,0.1541,benign
Q9BQB6,A140K,0.9655,pathogenic
Q9BQB6,A140L,0.1374,benign
Q9BQB6,A140M,0.1855,benign
Q9BQB6,A140N,0.8208,pathogenic
Q9BQB6,A140P,0.8433,pathogenic
Q9BQB6,A140Q,0.8932,pathogenic
Q9BQB6,A140R,0.9323,pathogenic
Q9BQB6,A140S,0.1986,benign
Q9BQB6,A140T,0.1086,benign
Q9BQB6,A140V,0.0838,benign
Q9BQB6,A140W,0.8176,pathogenic
Q9BQB6,A140Y,0.74,pathogenic
Q9BQB6,I141A,0.7223,pathogenic
Q9BQB6,I141C,0.8545,pathogenic
Q9BQB6,I141D,0.9859,pathogenic
Q9BQB6,I141E,0.976,pathogenic
Q9BQB6,I141F,0.6145,pathogenic
Q9BQB6,I141G,0.9224,pathogenic
Q9BQB6,I141H,0.9784,pathogenic
Q9BQB6,I141K,0.9691,pathogenic
Q9BQB6,I141L,0.1619,benign
Q9BQB6,I141M,0.2737,benign
Q9BQB6,I141N,0.8766,pathogenic
Q9BQB6,I141P,0.9693,pathogenic
Q9BQB6,I141Q,0.9656,pathogenic
Q9BQB6,I141R,0.955,pathogenic
Q9BQB6,I141S,0.8015,pathogenic
Q9BQB6,I141T,0.6686,pathogenic
Q9BQB6,I141V,0.0727,benign
Q9BQB6,I141W,0.9752,pathogenic
Q9BQB6,I141Y,0.9495,pathogenic
Q9BQB6,N142A,0.8646,pathogenic
Q9BQB6,N142C,0.7459,pathogenic
Q9BQB6,N142D,0.8725,pathogenic
Q9BQB6,N142E,0.9702,pathogenic
Q9BQB6,N142F,0.9778,pathogenic
Q9BQB6,N142G,0.8122,pathogenic
Q9BQB6,N142H,0.6037,pathogenic
Q9BQB6,N142I,0.8839,pathogenic
Q9BQB6,N142K,0.9709,pathogenic
Q9BQB6,N142L,0.8128,pathogenic
Q9BQB6,N142M,0.9223,pathogenic
Q9BQB6,N142P,0.8557,pathogenic
Q9BQB6,N142Q,0.9484,pathogenic
Q9BQB6,N142R,0.9604,pathogenic
Q9BQB6,N142S,0.2715,benign
Q9BQB6,N142T,0.6527,pathogenic
Q9BQB6,N142V,0.8609,pathogenic
Q9BQB6,N142W,0.9862,pathogenic
Q9BQB6,N142Y,0.8901,pathogenic
Q9BQB6,V143A,0.1308,benign
Q9BQB6,V143C,0.5659,pathogenic
Q9BQB6,V143D,0.8621,pathogenic
Q9BQB6,V143E,0.8141,pathogenic
Q9BQB6,V143F,0.1258,benign
Q9BQB6,V143G,0.162,benign
Q9BQB6,V143H,0.8651,pathogenic
Q9BQB6,V143I,0.0852,benign
Q9BQB6,V143K,0.8526,pathogenic
Q9BQB6,V143L,0.1401,benign
Q9BQB6,V143M,0.1193,benign
Q9BQB6,V143N,0.7135,pathogenic
Q9BQB6,V143P,0.8902,pathogenic
Q9BQB6,V143Q,0.7424,pathogenic
Q9BQB6,V143R,0.7606,pathogenic
Q9BQB6,V143S,0.3237,benign
Q9BQB6,V143T,0.204,benign
Q9BQB6,V143W,0.7372,pathogenic
Q9BQB6,V143Y,0.6776,pathogenic
Q9BQB6,S144A,0.0752,benign
Q9BQB6,S144C,0.0616,benign
Q9BQB6,S144D,0.7985,pathogenic
Q9BQB6,S144E,0.8385,pathogenic
Q9BQB6,S144F,0.2192,benign
Q9BQB6,S144G,0.0417,benign
Q9BQB6,S144H,0.7157,pathogenic
Q9BQB6,S144I,0.128,benign
Q9BQB6,S144K,0.9415,pathogenic
Q9BQB6,S144L,0.1454,benign
Q9BQB6,S144M,0.2062,benign
Q9BQB6,S144N,0.4603,ambiguous
Q9BQB6,S144P,0.7101,pathogenic
Q9BQB6,S144Q,0.8028,pathogenic
Q9BQB6,S144R,0.8919,pathogenic
Q9BQB6,S144T,0.0893,benign
Q9BQB6,S144V,0.1203,benign
Q9BQB6,S144W,0.3273,benign
Q9BQB6,S144Y,0.3906,ambiguous
Q9BQB6,L145A,0.7434,pathogenic
Q9BQB6,L145C,0.8827,pathogenic
Q9BQB6,L145D,0.981,pathogenic
Q9BQB6,L145E,0.8941,pathogenic
Q9BQB6,L145F,0.5423,ambiguous
Q9BQB6,L145G,0.8806,pathogenic
Q9BQB6,L145H,0.8453,pathogenic
Q9BQB6,L145I,0.2035,benign
Q9BQB6,L145K,0.9064,pathogenic
Q9BQB6,L145M,0.2903,benign
Q9BQB6,L145N,0.855,pathogenic
Q9BQB6,L145P,0.9159,pathogenic
Q9BQB6,L145Q,0.6969,pathogenic
Q9BQB6,L145R,0.8058,pathogenic
Q9BQB6,L145S,0.8365,pathogenic
Q9BQB6,L145T,0.7102,pathogenic
Q9BQB6,L145V,0.2269,benign
Q9BQB6,L145W,0.8227,pathogenic
Q9BQB6,L145Y,0.9086,pathogenic
Q9BQB6,M146A,0.1899,benign
Q9BQB6,M146C,0.6009,pathogenic
Q9BQB6,M146D,0.9646,pathogenic
Q9BQB6,M146E,0.8893,pathogenic
Q9BQB6,M146F,0.2933,benign
Q9BQB6,M146G,0.402,ambiguous
Q9BQB6,M146H,0.8615,pathogenic
Q9BQB6,M146I,0.4636,ambiguous
Q9BQB6,M146K,0.7962,pathogenic
Q9BQB6,M146L,0.103,benign
Q9BQB6,M146N,0.7751,pathogenic
Q9BQB6,M146P,0.8541,pathogenic
Q9BQB6,M146Q,0.6639,pathogenic
Q9BQB6,M146R,0.7522,pathogenic
Q9BQB6,M146S,0.3484,ambiguous
Q9BQB6,M146T,0.0968,benign
Q9BQB6,M146V,0.108,benign
Q9BQB6,M146W,0.7333,pathogenic
Q9BQB6,M146Y,0.7896,pathogenic
Q9BQB6,W147A,0.0969,benign
Q9BQB6,W147C,0.1515,benign
Q9BQB6,W147D,0.707,pathogenic
Q9BQB6,W147E,0.5771,pathogenic
Q9BQB6,W147F,0.0605,benign
Q9BQB6,W147G,0.077,benign
Q9BQB6,W147H,0.4559,ambiguous
Q9BQB6,W147I,0.0747,benign
Q9BQB6,W147K,0.5818,pathogenic
Q9BQB6,W147L,0.0457,benign
Q9BQB6,W147M,0.1254,benign
Q9BQB6,W147N,0.5236,ambiguous
Q9BQB6,W147P,0.6371,pathogenic
Q9BQB6,W147Q,0.4753,ambiguous
Q9BQB6,W147R,0.431,ambiguous
Q9BQB6,W147S,0.1527,benign
Q9BQB6,W147T,0.1389,benign
Q9BQB6,W147V,0.0519,benign
Q9BQB6,W147Y,0.126,benign
Q9BQB6,L148A,0.3355,benign
Q9BQB6,L148C,0.4993,ambiguous
Q9BQB6,L148D,0.754,pathogenic
Q9BQB6,L148E,0.4443,ambiguous
Q9BQB6,L148F,0.1556,benign
Q9BQB6,L148G,0.5155,ambiguous
Q9BQB6,L148H,0.3015,benign
Q9BQB6,L148I,0.135,benign
Q9BQB6,L148K,0.4517,ambiguous
Q9BQB6,L148M,0.1629,benign
Q9BQB6,L148N,0.5006,ambiguous
Q9BQB6,L148P,0.6387,pathogenic
Q9BQB6,L148Q,0.2059,benign
Q9BQB6,L148R,0.2718,benign
Q9BQB6,L148S,0.3898,ambiguous
Q9BQB6,L148T,0.328,benign
Q9BQB6,L148V,0.1251,benign
Q9BQB6,L148W,0.2632,benign
Q9BQB6,L148Y,0.4207,ambiguous
Q9BQB6,S149A,0.2162,benign
Q9BQB6,S149C,0.1597,benign
Q9BQB6,S149D,0.7141,pathogenic
Q9BQB6,S149E,0.8999,pathogenic
Q9BQB6,S149F,0.8004,pathogenic
Q9BQB6,S149G,0.1325,benign
Q9BQB6,S149H,0.7058,pathogenic
Q9BQB6,S149I,0.4845,ambiguous
Q9BQB6,S149K,0.9796,pathogenic
Q9BQB6,S149L,0.5249,ambiguous
Q9BQB6,S149M,0.6282,pathogenic
Q9BQB6,S149N,0.2051,benign
Q9BQB6,S149P,0.7619,pathogenic
Q9BQB6,S149Q,0.8765,pathogenic
Q9BQB6,S149R,0.9511,pathogenic
Q9BQB6,S149T,0.1457,benign
Q9BQB6,S149V,0.4831,ambiguous
Q9BQB6,S149W,0.7874,pathogenic
Q9BQB6,S149Y,0.6911,pathogenic
Q9BQB6,F150A,0.4774,ambiguous
Q9BQB6,F150C,0.2884,benign
Q9BQB6,F150D,0.8701,pathogenic
Q9BQB6,F150E,0.8758,pathogenic
Q9BQB6,F150G,0.6483,pathogenic
Q9BQB6,F150H,0.6143,pathogenic
Q9BQB6,F150I,0.1795,benign
Q9BQB6,F150K,0.8739,pathogenic
Q9BQB6,F150L,0.613,pathogenic
Q9BQB6,F150M,0.4856,ambiguous
Q9BQB6,F150N,0.7741,pathogenic
Q9BQB6,F150P,0.9286,pathogenic
Q9BQB6,F150Q,0.7842,pathogenic
Q9BQB6,F150R,0.7081,pathogenic
Q9BQB6,F150S,0.412,ambiguous
Q9BQB6,F150T,0.5595,ambiguous
Q9BQB6,F150V,0.1814,benign
Q9BQB6,F150W,0.2644,benign
Q9BQB6,F150Y,0.1654,benign
Q9BQB6,R151A,0.2253,benign
Q9BQB6,R151C,0.1204,benign
Q9BQB6,R151D,0.403,ambiguous
Q9BQB6,R151E,0.181,benign
Q9BQB6,R151F,0.3119,benign
Q9BQB6,R151G,0.104,benign
Q9BQB6,R151H,0.0979,benign
Q9BQB6,R151I,0.233,benign
Q9BQB6,R151K,0.113,benign
Q9BQB6,R151L,0.1365,benign
Q9BQB6,R151M,0.2662,benign
Q9BQB6,R151N,0.3781,ambiguous
Q9BQB6,R151P,0.2493,benign
Q9BQB6,R151Q,0.0703,benign
Q9BQB6,R151S,0.2402,benign
Q9BQB6,R151T,0.1912,benign
Q9BQB6,R151V,0.2424,benign
Q9BQB6,R151W,0.0672,benign
Q9BQB6,R151Y,0.2143,benign
Q9BQB6,K152A,0.1175,benign
Q9BQB6,K152C,0.4395,ambiguous
Q9BQB6,K152D,0.1397,benign
Q9BQB6,K152E,0.0661,benign
Q9BQB6,K152F,0.4582,ambiguous
Q9BQB6,K152G,0.1416,benign
Q9BQB6,K152H,0.1457,benign
Q9BQB6,K152I,0.2046,benign
Q9BQB6,K152L,0.1838,benign
Q9BQB6,K152M,0.1559,benign
Q9BQB6,K152N,0.1384,benign
Q9BQB6,K152P,0.2103,benign
Q9BQB6,K152Q,0.0842,benign
Q9BQB6,K152R,0.0699,benign
Q9BQB6,K152S,0.1447,benign
Q9BQB6,K152T,0.0833,benign
Q9BQB6,K152V,0.1627,benign
Q9BQB6,K152W,0.44,ambiguous
Q9BQB6,K152Y,0.3356,benign
Q9BQB6,V153A,0.0898,benign
Q9BQB6,V153C,0.4283,ambiguous
Q9BQB6,V153D,0.1455,benign
Q9BQB6,V153E,0.1381,benign
Q9BQB6,V153F,0.0633,benign
Q9BQB6,V153G,0.0817,benign
Q9BQB6,V153H,0.228,benign
Q9BQB6,V153I,0.0758,benign
Q9BQB6,V153K,0.1755,benign
Q9BQB6,V153L,0.0986,benign
Q9BQB6,V153M,0.0988,benign
Q9BQB6,V153N,0.1415,benign
Q9BQB6,V153P,0.1594,benign
Q9BQB6,V153Q,0.1582,benign
Q9BQB6,V153R,0.1337,benign
Q9BQB6,V153S,0.1186,benign
Q9BQB6,V153T,0.1342,benign
Q9BQB6,V153W,0.2773,benign
Q9BQB6,V153Y,0.1951,benign
Q9BQB6,Q154A,0.1064,benign
Q9BQB6,Q154C,0.2934,benign
Q9BQB6,Q154D,0.1882,benign
Q9BQB6,Q154E,0.0689,benign
Q9BQB6,Q154F,0.3683,ambiguous
Q9BQB6,Q154G,0.0981,benign
Q9BQB6,Q154H,0.1224,benign
Q9BQB6,Q154I,0.2182,benign
Q9BQB6,Q154K,0.0729,benign
Q9BQB6,Q154L,0.0976,benign
Q9BQB6,Q154M,0.2345,benign
Q9BQB6,Q154N,0.206,benign
Q9BQB6,Q154P,0.0601,benign
Q9BQB6,Q154R,0.0534,benign
Q9BQB6,Q154S,0.1258,benign
Q9BQB6,Q154T,0.1117,benign
Q9BQB6,Q154V,0.1392,benign
Q9BQB6,Q154W,0.142,benign
Q9BQB6,Q154Y,0.2166,benign
Q9BQB6,E155A,0.072,benign
Q9BQB6,E155C,0.4044,ambiguous
Q9BQB6,E155D,0.088,benign
Q9BQB6,E155F,0.2891,benign
Q9BQB6,E155G,0.0567,benign
Q9BQB6,E155H,0.1589,benign
Q9BQB6,E155I,0.1484,benign
Q9BQB6,E155K,0.0805,benign
Q9BQB6,E155L,0.1312,benign
Q9BQB6,E155M,0.203,benign
Q9BQB6,E155N,0.1449,benign
Q9BQB6,E155P,0.1527,benign
Q9BQB6,E155Q,0.077,benign
Q9BQB6,E155R,0.0984,benign
Q9BQB6,E155S,0.1085,benign
Q9BQB6,E155T,0.1056,benign
Q9BQB6,E155V,0.0866,benign
Q9BQB6,E155W,0.392,ambiguous
Q9BQB6,E155Y,0.2223,benign
Q9BQB6,P156A,0.0709,benign
Q9BQB6,P156C,0.2533,benign
Q9BQB6,P156D,0.1811,benign
Q9BQB6,P156E,0.1248,benign
Q9BQB6,P156F,0.202,benign
Q9BQB6,P156G,0.1421,benign
Q9BQB6,P156H,0.1021,benign
Q9BQB6,P156I,0.1428,benign
Q9BQB6,P156K,0.1308,benign
Q9BQB6,P156L,0.0845,benign
Q9BQB6,P156M,0.1746,benign
Q9BQB6,P156N,0.17,benign
Q9BQB6,P156Q,0.0918,benign
Q9BQB6,P156R,0.0843,benign
Q9BQB6,P156S,0.0879,benign
Q9BQB6,P156T,0.0714,benign
Q9BQB6,P156V,0.1088,benign
Q9BQB6,P156W,0.2223,benign
Q9BQB6,P156Y,0.1924,benign
Q9BQB6,Q157A,0.0802,benign
Q9BQB6,Q157C,0.2573,benign
Q9BQB6,Q157D,0.1333,benign
Q9BQB6,Q157E,0.0612,benign
Q9BQB6,Q157F,0.2871,benign
Q9BQB6,Q157G,0.0928,benign
Q9BQB6,Q157H,0.1005,benign
Q9BQB6,Q157I,0.1619,benign
Q9BQB6,Q157K,0.0674,benign
Q9BQB6,Q157L,0.0814,benign
Q9BQB6,Q157M,0.1978,benign
Q9BQB6,Q157N,0.1557,benign
Q9BQB6,Q157P,0.0548,benign
Q9BQB6,Q157R,0.0601,benign
Q9BQB6,Q157S,0.0983,benign
Q9BQB6,Q157T,0.091,benign
Q9BQB6,Q157V,0.1047,benign
Q9BQB6,Q157W,0.1563,benign
Q9BQB6,Q157Y,0.1874,benign
Q9BQB6,G158A,0.0782,benign
Q9BQB6,G158C,0.1119,benign
Q9BQB6,G158D,0.0718,benign
Q9BQB6,G158E,0.0711,benign
Q9BQB6,G158F,0.2178,benign
Q9BQB6,G158H,0.1148,benign
Q9BQB6,G158I,0.1249,benign
Q9BQB6,G158K,0.1279,benign
Q9BQB6,G158L,0.1563,benign
Q9BQB6,G158M,0.2165,benign
Q9BQB6,G158N,0.1198,benign
Q9BQB6,G158P,0.1953,benign
Q9BQB6,G158Q,0.1099,benign
Q9BQB6,G158R,0.0897,benign
Q9BQB6,G158S,0.0801,benign
Q9BQB6,G158T,0.0931,benign
Q9BQB6,G158V,0.0797,benign
Q9BQB6,G158W,0.1225,benign
Q9BQB6,G158Y,0.1396,benign
Q9BQB6,K159A,0.1557,benign
Q9BQB6,K159C,0.4968,ambiguous
Q9BQB6,K159D,0.2517,benign
Q9BQB6,K159E,0.0882,benign
Q9BQB6,K159F,0.4753,ambiguous
Q9BQB6,K159G,0.1793,benign
Q9BQB6,K159H,0.2256,benign
Q9BQB6,K159I,0.191,benign
Q9BQB6,K159L,0.1811,benign
Q9BQB6,K159M,0.153,benign
Q9BQB6,K159N,0.2302,benign
Q9BQB6,K159P,0.1989,benign
Q9BQB6,K159Q,0.1086,benign
Q9BQB6,K159R,0.0715,benign
Q9BQB6,K159S,0.2041,benign
Q9BQB6,K159T,0.1078,benign
Q9BQB6,K159V,0.1723,benign
Q9BQB6,K159W,0.4482,ambiguous
Q9BQB6,K159Y,0.4061,ambiguous
Q9BQB6,A160C,0.2711,benign
Q9BQB6,A160D,0.0832,benign
Q9BQB6,A160E,0.0703,benign
Q9BQB6,A160F,0.1531,benign
Q9BQB6,A160G,0.069,benign
Q9BQB6,A160H,0.173,benign
Q9BQB6,A160I,0.1174,benign
Q9BQB6,A160K,0.1192,benign
Q9BQB6,A160L,0.1032,benign
Q9BQB6,A160M,0.1267,benign
Q9BQB6,A160N,0.1139,benign
Q9BQB6,A160P,0.0815,benign
Q9BQB6,A160Q,0.1098,benign
Q9BQB6,A160R,0.1063,benign
Q9BQB6,A160S,0.0797,benign
Q9BQB6,A160T,0.0714,benign
Q9BQB6,A160V,0.0695,benign
Q9BQB6,A160W,0.265,benign
Q9BQB6,A160Y,0.1835,benign
Q9BQB6,K161A,0.1444,benign
Q9BQB6,K161C,0.485,ambiguous
Q9BQB6,K161D,0.2638,benign
Q9BQB6,K161E,0.0899,benign
Q9BQB6,K161F,0.4828,ambiguous
Q9BQB6,K161G,0.1376,benign
Q9BQB6,K161H,0.2467,benign
Q9BQB6,K161I,0.2303,benign
Q9BQB6,K161L,0.2002,benign
Q9BQB6,K161M,0.1912,benign
Q9BQB6,K161N,0.2699,benign
Q9BQB6,K161P,0.1903,benign
Q9BQB6,K161Q,0.1029,benign
Q9BQB6,K161R,0.0644,benign
Q9BQB6,K161S,0.1964,benign
Q9BQB6,K161T,0.1198,benign
Q9BQB6,K161V,0.1834,benign
Q9BQB6,K161W,0.4134,ambiguous
Q9BQB6,K161Y,0.4192,ambiguous
Q9BQB6,R162A,0.0927,benign
Q9BQB6,R162C,0.1263,benign
Q9BQB6,R162D,0.1384,benign
Q9BQB6,R162E,0.0929,benign
Q9BQB6,R162F,0.2005,benign
Q9BQB6,R162G,0.0512,benign
Q9BQB6,R162H,0.0945,benign
Q9BQB6,R162I,0.1004,benign
Q9BQB6,R162K,0.0714,benign
Q9BQB6,R162L,0.0949,benign
Q9BQB6,R162M,0.1266,benign
Q9BQB6,R162N,0.1611,benign
Q9BQB6,R162P,0.1002,benign
Q9BQB6,R162Q,0.0731,benign
Q9BQB6,R162S,0.1132,benign
Q9BQB6,R162T,0.08,benign
Q9BQB6,R162V,0.1017,benign
Q9BQB6,R162W,0.104,benign
Q9BQB6,R162Y,0.1637,benign
Q9BQB6,H163A,0.1532,benign
Q9BQB6,H163C,0.1166,benign
Q9BQB6,H163D,0.0953,benign
Q9BQB6,H163E,0.1346,benign
Q9BQB6,H163F,0.1789,benign
Q9BQB6,H163G,0.1502,benign
Q9BQB6,H163I,0.2514,benign
Q9BQB6,H163K,0.1517,benign
Q9BQB6,H163L,0.1257,benign
Q9BQB6,H163M,0.3603,ambiguous
Q9BQB6,H163N,0.0832,benign
Q9BQB6,H163P,0.1007,benign
Q9BQB6,H163Q,0.1079,benign
Q9BQB6,H163R,0.0753,benign
Q9BQB6,H163S,0.1295,benign
Q9BQB6,H163T,0.1728,benign
Q9BQB6,H163V,0.1874,benign
Q9BQB6,H163W,0.1797,benign
Q9BQB6,H163Y,0.0698,benign
